獲獲1,98799@qq.com,lili1,123`ll
獲獲2,98800@qq.com,lili2,124`ll
獲獲3,98801@qq.com,lili3,125`ll
獲獲4,98802@qq.com,lili4,126`ll
獲獲5,98803@qq.com,lili5,127`ll
獲獲6,98804@qq.com,lili6,128`ll
獲獲7,98805@qq.com,lili7,129`ll
獲獲8,98806@qq.com,lili8,130`ll
獲獲9,98807@qq.com,lili9,131`ll
獲獲10,98808@qq.com,lili10,132`ll
獲獲11,98809@qq.com,lili11,133`ll
獲獲12,98810@qq.com,lili12,134`ll
獲獲13,98811@qq.com,lili13,135`ll
獲獲14,98812@qq.com,lili14,136`ll
獲獲15,98813@qq.com,lili15,137`ll
獲獲16,98814@qq.com,lili16,138`ll
獲獲17,98815@qq.com,lili17,139`ll
獲獲18,98816@qq.com,lili18,140`ll
獲獲19,98817@qq.com,lili19,141`ll
獲獲20,98818@qq.com,lili20,142`ll
獲獲21,98819@qq.com,lili21,143`ll
獲獲22,98820@qq.com,lili22,144`ll
獲獲23,98821@qq.com,lili23,145`ll
獲獲24,98822@qq.com,lili24,146`ll
獲獲25,98823@qq.com,lili25,147`ll
獲獲26,98824@qq.com,lili26,148`ll
獲獲27,98825@qq.com,lili27,149`ll
獲獲28,98826@qq.com,lili28,150`ll
獲獲29,98827@qq.com,lili29,151`ll
獲獲30,98828@qq.com,lili30,152`ll
獲獲31,98829@qq.com,lili31,153`ll
獲獲32,98830@qq.com,lili32,154`ll
獲獲33,98831@qq.com,lili33,155`ll
獲獲34,98832@qq.com,lili34,156`ll
獲獲35,98833@qq.com,lili35,157`ll
獲獲36,98834@qq.com,lili36,158`ll
獲獲37,98835@qq.com,lili37,159`ll
獲獲38,98836@qq.com,lili38,160`ll
獲獲39,98837@qq.com,lili39,161`ll
獲獲40,98838@qq.com,lili40,162`ll
獲獲41,98839@qq.com,lili41,163`ll
獲獲42,98840@qq.com,lili42,164`ll
獲獲43,98841@qq.com,lili43,165`ll
獲獲44,98842@qq.com,lili44,166`ll
獲獲45,98843@qq.com,lili45,167`ll
獲獲46,98844@qq.com,lili46,168`ll
獲獲47,98845@qq.com,lili47,169`ll
獲獲48,98846@qq.com,lili48,170`ll
獲獲49,98847@qq.com,lili49,171`ll
獲獲50,98848@qq.com,lili50,172`ll
獲獲51,98849@qq.com,lili51,173`ll
獲獲52,98850@qq.com,lili52,174`ll
獲獲53,98851@qq.com,lili53,175`ll
獲獲54,98852@qq.com,lili54,176`ll
獲獲55,98853@qq.com,lili55,177`ll
獲獲56,98854@qq.com,lili56,178`ll
獲獲57,98855@qq.com,lili57,179`ll
獲獲58,98856@qq.com,lili58,180`ll
獲獲59,98857@qq.com,lili59,181`ll
獲獲60,98858@qq.com,lili60,182`ll
獲獲61,98859@qq.com,lili61,183`ll
獲獲62,98860@qq.com,lili62,184`ll
獲獲63,98861@qq.com,lili63,185`ll
獲獲64,98862@qq.com,lili64,186`ll
獲獲65,98863@qq.com,lili65,187`ll
獲獲66,98864@qq.com,lili66,188`ll
獲獲67,98865@qq.com,lili67,189`ll
獲獲68,98866@qq.com,lili68,190`ll
獲獲69,98867@qq.com,lili69,191`ll
獲獲70,98868@qq.com,lili70,192`ll
獲獲71,98869@qq.com,lili71,193`ll
獲獲72,98870@qq.com,lili72,194`ll
獲獲73,98871@qq.com,lili73,195`ll
獲獲74,98872@qq.com,lili74,196`ll
獲獲75,98873@qq.com,lili75,197`ll
獲獲76,98874@qq.com,lili76,198`ll
獲獲77,98875@qq.com,lili77,199`ll
獲獲78,98876@qq.com,lili78,200`ll
獲獲79,98877@qq.com,lili79,201`ll
獲獲80,98878@qq.com,lili80,202`ll
獲獲81,98879@qq.com,lili81,203`ll
獲獲82,98880@qq.com,lili82,204`ll
獲獲83,98881@qq.com,lili83,205`ll
獲獲84,98882@qq.com,lili84,206`ll
獲獲85,98883@qq.com,lili85,207`ll
獲獲86,98884@qq.com,lili86,208`ll
獲獲87,98885@qq.com,lili87,209`ll
獲獲88,98886@qq.com,lili88,210`ll
獲獲89,98887@qq.com,lili89,211`ll
獲獲90,98888@qq.com,lili90,212`ll
獲獲91,98889@qq.com,lili91,213`ll
獲獲92,98890@qq.com,lili92,214`ll
獲獲93,98891@qq.com,lili93,215`ll
獲獲94,98892@qq.com,lili94,216`ll
獲獲95,98893@qq.com,lili95,217`ll
獲獲96,98894@qq.com,lili96,218`ll
獲獲97,98895@qq.com,lili97,219`ll
獲獲98,98896@qq.com,lili98,220`ll
獲獲99,98897@qq.com,lili99,221`ll
獲獲100,98898@qq.com,lili100,222`ll
獲獲101,98899@qq.com,lili101,223`ll
獲獲102,98900@qq.com,lili102,224`ll
獲獲103,98901@qq.com,lili103,225`ll
獲獲104,98902@qq.com,lili104,226`ll
獲獲105,98903@qq.com,lili105,227`ll
獲獲106,98904@qq.com,lili106,228`ll
獲獲107,98905@qq.com,lili107,229`ll
獲獲108,98906@qq.com,lili108,230`ll
獲獲109,98907@qq.com,lili109,231`ll
獲獲110,98908@qq.com,lili110,232`ll
獲獲111,98909@qq.com,lili111,233`ll
獲獲112,98910@qq.com,lili112,234`ll
獲獲113,98911@qq.com,lili113,235`ll
獲獲114,98912@qq.com,lili114,236`ll
獲獲115,98913@qq.com,lili115,237`ll
獲獲116,98914@qq.com,lili116,238`ll
獲獲117,98915@qq.com,lili117,239`ll
獲獲118,98916@qq.com,lili118,240`ll
獲獲119,98917@qq.com,lili119,241`ll
獲獲120,98918@qq.com,lili120,242`ll
獲獲121,98919@qq.com,lili121,243`ll
獲獲122,98920@qq.com,lili122,244`ll
獲獲123,98921@qq.com,lili123,245`ll
獲獲124,98922@qq.com,lili124,246`ll
獲獲125,98923@qq.com,lili125,247`ll
獲獲126,98924@qq.com,lili126,248`ll
獲獲127,98925@qq.com,lili127,249`ll
獲獲128,98926@qq.com,lili128,250`ll
獲獲129,98927@qq.com,lili129,251`ll
獲獲130,98928@qq.com,lili130,252`ll
獲獲131,98929@qq.com,lili131,253`ll
獲獲132,98930@qq.com,lili132,254`ll
獲獲133,98931@qq.com,lili133,255`ll
獲獲134,98932@qq.com,lili134,256`ll
獲獲135,98933@qq.com,lili135,257`ll
獲獲136,98934@qq.com,lili136,258`ll
獲獲137,98935@qq.com,lili137,259`ll
獲獲138,98936@qq.com,lili138,260`ll
獲獲139,98937@qq.com,lili139,261`ll
獲獲140,98938@qq.com,lili140,262`ll
獲獲141,98939@qq.com,lili141,263`ll
獲獲142,98940@qq.com,lili142,264`ll
獲獲143,98941@qq.com,lili143,265`ll
獲獲144,98942@qq.com,lili144,266`ll
獲獲145,98943@qq.com,lili145,267`ll
獲獲146,98944@qq.com,lili146,268`ll
獲獲147,98945@qq.com,lili147,269`ll
獲獲148,98946@qq.com,lili148,270`ll
獲獲149,98947@qq.com,lili149,271`ll
獲獲150,98948@qq.com,lili150,272`ll
獲獲151,98949@qq.com,lili151,273`ll
獲獲152,98950@qq.com,lili152,274`ll
獲獲153,98951@qq.com,lili153,275`ll
獲獲154,98952@qq.com,lili154,276`ll
獲獲155,98953@qq.com,lili155,277`ll
獲獲156,98954@qq.com,lili156,278`ll
獲獲157,98955@qq.com,lili157,279`ll
獲獲158,98956@qq.com,lili158,280`ll
獲獲159,98957@qq.com,lili159,281`ll
獲獲160,98958@qq.com,lili160,282`ll
獲獲161,98959@qq.com,lili161,283`ll
獲獲162,98960@qq.com,lili162,284`ll
獲獲163,98961@qq.com,lili163,285`ll
獲獲164,98962@qq.com,lili164,286`ll
獲獲165,98963@qq.com,lili165,287`ll
獲獲166,98964@qq.com,lili166,288`ll
獲獲167,98965@qq.com,lili167,289`ll
獲獲168,98966@qq.com,lili168,290`ll
獲獲169,98967@qq.com,lili169,291`ll
獲獲170,98968@qq.com,lili170,292`ll
獲獲171,98969@qq.com,lili171,293`ll
獲獲172,98970@qq.com,lili172,294`ll
獲獲173,98971@qq.com,lili173,295`ll
獲獲174,98972@qq.com,lili174,296`ll
獲獲175,98973@qq.com,lili175,297`ll
獲獲176,98974@qq.com,lili176,298`ll
獲獲177,98975@qq.com,lili177,299`ll
獲獲178,98976@qq.com,lili178,300`ll
獲獲179,98977@qq.com,lili179,301`ll
獲獲180,98978@qq.com,lili180,302`ll
獲獲181,98979@qq.com,lili181,303`ll
獲獲182,98980@qq.com,lili182,304`ll
獲獲183,98981@qq.com,lili183,305`ll
獲獲184,98982@qq.com,lili184,306`ll
獲獲185,98983@qq.com,lili185,307`ll
獲獲186,98984@qq.com,lili186,308`ll
獲獲187,98985@qq.com,lili187,309`ll
獲獲188,98986@qq.com,lili188,310`ll
獲獲189,98987@qq.com,lili189,311`ll
獲獲190,98988@qq.com,lili190,312`ll
獲獲191,98989@qq.com,lili191,313`ll
獲獲192,98990@qq.com,lili192,314`ll
獲獲193,98991@qq.com,lili193,315`ll
獲獲194,98992@qq.com,lili194,316`ll
獲獲195,98993@qq.com,lili195,317`ll
獲獲196,98994@qq.com,lili196,318`ll
獲獲197,98995@qq.com,lili197,319`ll
獲獲198,98996@qq.com,lili198,320`ll
獲獲199,98997@qq.com,lili199,321`ll
獲獲200,98998@qq.com,lili200,322`ll
獲獲201,98999@qq.com,lili201,323`ll
獲獲202,99000@qq.com,lili202,324`ll
獲獲203,99001@qq.com,lili203,325`ll
獲獲204,99002@qq.com,lili204,326`ll
獲獲205,99003@qq.com,lili205,327`ll
獲獲206,99004@qq.com,lili206,328`ll
獲獲207,99005@qq.com,lili207,329`ll
獲獲208,99006@qq.com,lili208,330`ll
獲獲209,99007@qq.com,lili209,331`ll
獲獲210,99008@qq.com,lili210,332`ll
獲獲211,99009@qq.com,lili211,333`ll
獲獲212,99010@qq.com,lili212,334`ll
獲獲213,99011@qq.com,lili213,335`ll
獲獲214,99012@qq.com,lili214,336`ll
獲獲215,99013@qq.com,lili215,337`ll
獲獲216,99014@qq.com,lili216,338`ll
獲獲217,99015@qq.com,lili217,339`ll
獲獲218,99016@qq.com,lili218,340`ll
獲獲219,99017@qq.com,lili219,341`ll
獲獲220,99018@qq.com,lili220,342`ll
獲獲221,99019@qq.com,lili221,343`ll
獲獲222,99020@qq.com,lili222,344`ll
獲獲223,99021@qq.com,lili223,345`ll
獲獲224,99022@qq.com,lili224,346`ll
獲獲225,99023@qq.com,lili225,347`ll
獲獲226,99024@qq.com,lili226,348`ll
獲獲227,99025@qq.com,lili227,349`ll
獲獲228,99026@qq.com,lili228,350`ll
獲獲229,99027@qq.com,lili229,351`ll
獲獲230,99028@qq.com,lili230,352`ll
獲獲231,99029@qq.com,lili231,353`ll
獲獲232,99030@qq.com,lili232,354`ll
獲獲233,99031@qq.com,lili233,355`ll
獲獲234,99032@qq.com,lili234,356`ll
獲獲235,99033@qq.com,lili235,357`ll
獲獲236,99034@qq.com,lili236,358`ll
獲獲237,99035@qq.com,lili237,359`ll
獲獲238,99036@qq.com,lili238,360`ll
獲獲239,99037@qq.com,lili239,361`ll
獲獲240,99038@qq.com,lili240,362`ll
獲獲241,99039@qq.com,lili241,363`ll
獲獲242,99040@qq.com,lili242,364`ll
獲獲243,99041@qq.com,lili243,365`ll
獲獲244,99042@qq.com,lili244,366`ll
獲獲245,99043@qq.com,lili245,367`ll
獲獲246,99044@qq.com,lili246,368`ll
獲獲247,99045@qq.com,lili247,369`ll
獲獲248,99046@qq.com,lili248,370`ll
獲獲249,99047@qq.com,lili249,371`ll
獲獲250,99048@qq.com,lili250,372`ll
獲獲251,99049@qq.com,lili251,373`ll
獲獲252,99050@qq.com,lili252,374`ll
獲獲253,99051@qq.com,lili253,375`ll
獲獲254,99052@qq.com,lili254,376`ll
獲獲255,99053@qq.com,lili255,377`ll
獲獲256,99054@qq.com,lili256,378`ll
獲獲257,99055@qq.com,lili257,379`ll
獲獲258,99056@qq.com,lili258,380`ll
獲獲259,99057@qq.com,lili259,381`ll
獲獲260,99058@qq.com,lili260,382`ll
獲獲261,99059@qq.com,lili261,383`ll
獲獲262,99060@qq.com,lili262,384`ll
獲獲263,99061@qq.com,lili263,385`ll
獲獲264,99062@qq.com,lili264,386`ll
獲獲265,99063@qq.com,lili265,387`ll
獲獲266,99064@qq.com,lili266,388`ll
獲獲267,99065@qq.com,lili267,389`ll
獲獲268,99066@qq.com,lili268,390`ll
獲獲269,99067@qq.com,lili269,391`ll
獲獲270,99068@qq.com,lili270,392`ll
獲獲271,99069@qq.com,lili271,393`ll
獲獲272,99070@qq.com,lili272,394`ll
獲獲273,99071@qq.com,lili273,395`ll
獲獲274,99072@qq.com,lili274,396`ll
獲獲275,99073@qq.com,lili275,397`ll
獲獲276,99074@qq.com,lili276,398`ll
獲獲277,99075@qq.com,lili277,399`ll
獲獲278,99076@qq.com,lili278,400`ll
獲獲279,99077@qq.com,lili279,401`ll
獲獲280,99078@qq.com,lili280,402`ll
獲獲281,99079@qq.com,lili281,403`ll
獲獲282,99080@qq.com,lili282,404`ll
獲獲283,99081@qq.com,lili283,405`ll
獲獲284,99082@qq.com,lili284,406`ll
獲獲285,99083@qq.com,lili285,407`ll
獲獲286,99084@qq.com,lili286,408`ll
獲獲287,99085@qq.com,lili287,409`ll
獲獲288,99086@qq.com,lili288,410`ll
獲獲289,99087@qq.com,lili289,411`ll
獲獲290,99088@qq.com,lili290,412`ll
獲獲291,99089@qq.com,lili291,413`ll
獲獲292,99090@qq.com,lili292,414`ll
獲獲293,99091@qq.com,lili293,415`ll
獲獲294,99092@qq.com,lili294,416`ll
獲獲295,99093@qq.com,lili295,417`ll
獲獲296,99094@qq.com,lili296,418`ll
獲獲297,99095@qq.com,lili297,419`ll
獲獲298,99096@qq.com,lili298,420`ll
獲獲299,99097@qq.com,lili299,421`ll
獲獲300,99098@qq.com,lili300,422`ll
獲獲301,99099@qq.com,lili301,423`ll
獲獲302,99100@qq.com,lili302,424`ll
獲獲303,99101@qq.com,lili303,425`ll
獲獲304,99102@qq.com,lili304,426`ll
獲獲305,99103@qq.com,lili305,427`ll
獲獲306,99104@qq.com,lili306,428`ll
獲獲307,99105@qq.com,lili307,429`ll
獲獲308,99106@qq.com,lili308,430`ll
獲獲309,99107@qq.com,lili309,431`ll
獲獲310,99108@qq.com,lili310,432`ll
獲獲311,99109@qq.com,lili311,433`ll
獲獲312,99110@qq.com,lili312,434`ll
獲獲313,99111@qq.com,lili313,435`ll
獲獲314,99112@qq.com,lili314,436`ll
獲獲315,99113@qq.com,lili315,437`ll
獲獲316,99114@qq.com,lili316,438`ll
獲獲317,99115@qq.com,lili317,439`ll
獲獲318,99116@qq.com,lili318,440`ll
獲獲319,99117@qq.com,lili319,441`ll
獲獲320,99118@qq.com,lili320,442`ll
獲獲321,99119@qq.com,lili321,443`ll
獲獲322,99120@qq.com,lili322,444`ll
獲獲323,99121@qq.com,lili323,445`ll
獲獲324,99122@qq.com,lili324,446`ll
獲獲325,99123@qq.com,lili325,447`ll
獲獲326,99124@qq.com,lili326,448`ll
獲獲327,99125@qq.com,lili327,449`ll
獲獲328,99126@qq.com,lili328,450`ll
獲獲329,99127@qq.com,lili329,451`ll
獲獲330,99128@qq.com,lili330,452`ll
獲獲331,99129@qq.com,lili331,453`ll
獲獲332,99130@qq.com,lili332,454`ll
獲獲333,99131@qq.com,lili333,455`ll
獲獲334,99132@qq.com,lili334,456`ll
獲獲335,99133@qq.com,lili335,457`ll
獲獲336,99134@qq.com,lili336,458`ll
獲獲337,99135@qq.com,lili337,459`ll
獲獲338,99136@qq.com,lili338,460`ll
獲獲339,99137@qq.com,lili339,461`ll
獲獲340,99138@qq.com,lili340,462`ll
獲獲341,99139@qq.com,lili341,463`ll
獲獲342,99140@qq.com,lili342,464`ll
獲獲343,99141@qq.com,lili343,465`ll
獲獲344,99142@qq.com,lili344,466`ll
獲獲345,99143@qq.com,lili345,467`ll
獲獲346,99144@qq.com,lili346,468`ll
獲獲347,99145@qq.com,lili347,469`ll
獲獲348,99146@qq.com,lili348,470`ll
獲獲349,99147@qq.com,lili349,471`ll
獲獲350,99148@qq.com,lili350,472`ll
獲獲351,99149@qq.com,lili351,473`ll
獲獲352,99150@qq.com,lili352,474`ll
獲獲353,99151@qq.com,lili353,475`ll
獲獲354,99152@qq.com,lili354,476`ll
獲獲355,99153@qq.com,lili355,477`ll
獲獲356,99154@qq.com,lili356,478`ll
獲獲357,99155@qq.com,lili357,479`ll
獲獲358,99156@qq.com,lili358,480`ll
獲獲359,99157@qq.com,lili359,481`ll
獲獲360,99158@qq.com,lili360,482`ll
獲獲361,99159@qq.com,lili361,483`ll
獲獲362,99160@qq.com,lili362,484`ll
獲獲363,99161@qq.com,lili363,485`ll
獲獲364,99162@qq.com,lili364,486`ll
獲獲365,99163@qq.com,lili365,487`ll
獲獲366,99164@qq.com,lili366,488`ll
獲獲367,99165@qq.com,lili367,489`ll
獲獲368,99166@qq.com,lili368,490`ll
獲獲369,99167@qq.com,lili369,491`ll
獲獲370,99168@qq.com,lili370,492`ll
獲獲371,99169@qq.com,lili371,493`ll
獲獲372,99170@qq.com,lili372,494`ll
獲獲373,99171@qq.com,lili373,495`ll
獲獲374,99172@qq.com,lili374,496`ll
獲獲375,99173@qq.com,lili375,497`ll
獲獲376,99174@qq.com,lili376,498`ll
獲獲377,99175@qq.com,lili377,499`ll
獲獲378,99176@qq.com,lili378,500`ll
獲獲379,99177@qq.com,lili379,501`ll
獲獲380,99178@qq.com,lili380,502`ll
獲獲381,99179@qq.com,lili381,503`ll
獲獲382,99180@qq.com,lili382,504`ll
獲獲383,99181@qq.com,lili383,505`ll
獲獲384,99182@qq.com,lili384,506`ll
獲獲385,99183@qq.com,lili385,507`ll
獲獲386,99184@qq.com,lili386,508`ll
獲獲387,99185@qq.com,lili387,509`ll
獲獲388,99186@qq.com,lili388,510`ll
獲獲389,99187@qq.com,lili389,511`ll
獲獲390,99188@qq.com,lili390,512`ll
獲獲391,99189@qq.com,lili391,513`ll
獲獲392,99190@qq.com,lili392,514`ll
獲獲393,99191@qq.com,lili393,515`ll
獲獲394,99192@qq.com,lili394,516`ll
獲獲395,99193@qq.com,lili395,517`ll
獲獲396,99194@qq.com,lili396,518`ll
獲獲397,99195@qq.com,lili397,519`ll
獲獲398,99196@qq.com,lili398,520`ll
獲獲399,99197@qq.com,lili399,521`ll
獲獲400,99198@qq.com,lili400,522`ll
獲獲401,99199@qq.com,lili401,523`ll
獲獲402,99200@qq.com,lili402,524`ll
獲獲403,99201@qq.com,lili403,525`ll
獲獲404,99202@qq.com,lili404,526`ll
獲獲405,99203@qq.com,lili405,527`ll
獲獲406,99204@qq.com,lili406,528`ll
獲獲407,99205@qq.com,lili407,529`ll
獲獲408,99206@qq.com,lili408,530`ll
獲獲409,99207@qq.com,lili409,531`ll
獲獲410,99208@qq.com,lili410,532`ll
獲獲411,99209@qq.com,lili411,533`ll
獲獲412,99210@qq.com,lili412,534`ll
獲獲413,99211@qq.com,lili413,535`ll
獲獲414,99212@qq.com,lili414,536`ll
獲獲415,99213@qq.com,lili415,537`ll
獲獲416,99214@qq.com,lili416,538`ll
獲獲417,99215@qq.com,lili417,539`ll
獲獲418,99216@qq.com,lili418,540`ll
獲獲419,99217@qq.com,lili419,541`ll
獲獲420,99218@qq.com,lili420,542`ll
獲獲421,99219@qq.com,lili421,543`ll
獲獲422,99220@qq.com,lili422,544`ll
獲獲423,99221@qq.com,lili423,545`ll
獲獲424,99222@qq.com,lili424,546`ll
獲獲425,99223@qq.com,lili425,547`ll
獲獲426,99224@qq.com,lili426,548`ll
獲獲427,99225@qq.com,lili427,549`ll
獲獲428,99226@qq.com,lili428,550`ll
獲獲429,99227@qq.com,lili429,551`ll
獲獲430,99228@qq.com,lili430,552`ll
獲獲431,99229@qq.com,lili431,553`ll
獲獲432,99230@qq.com,lili432,554`ll
獲獲433,99231@qq.com,lili433,555`ll
獲獲434,99232@qq.com,lili434,556`ll
獲獲435,99233@qq.com,lili435,557`ll
獲獲436,99234@qq.com,lili436,558`ll
獲獲437,99235@qq.com,lili437,559`ll
獲獲438,99236@qq.com,lili438,560`ll
獲獲439,99237@qq.com,lili439,561`ll
獲獲440,99238@qq.com,lili440,562`ll
獲獲441,99239@qq.com,lili441,563`ll
獲獲442,99240@qq.com,lili442,564`ll
獲獲443,99241@qq.com,lili443,565`ll
獲獲444,99242@qq.com,lili444,566`ll
獲獲445,99243@qq.com,lili445,567`ll
獲獲446,99244@qq.com,lili446,568`ll
獲獲447,99245@qq.com,lili447,569`ll
獲獲448,99246@qq.com,lili448,570`ll
獲獲449,99247@qq.com,lili449,571`ll
獲獲450,99248@qq.com,lili450,572`ll
獲獲451,99249@qq.com,lili451,573`ll
獲獲452,99250@qq.com,lili452,574`ll
獲獲453,99251@qq.com,lili453,575`ll
獲獲454,99252@qq.com,lili454,576`ll
獲獲455,99253@qq.com,lili455,577`ll
獲獲456,99254@qq.com,lili456,578`ll
獲獲457,99255@qq.com,lili457,579`ll
獲獲458,99256@qq.com,lili458,580`ll
獲獲459,99257@qq.com,lili459,581`ll
獲獲460,99258@qq.com,lili460,582`ll
獲獲461,99259@qq.com,lili461,583`ll
獲獲462,99260@qq.com,lili462,584`ll
獲獲463,99261@qq.com,lili463,585`ll
獲獲464,99262@qq.com,lili464,586`ll
獲獲465,99263@qq.com,lili465,587`ll
獲獲466,99264@qq.com,lili466,588`ll
獲獲467,99265@qq.com,lili467,589`ll
獲獲468,99266@qq.com,lili468,590`ll
獲獲469,99267@qq.com,lili469,591`ll
獲獲470,99268@qq.com,lili470,592`ll
獲獲471,99269@qq.com,lili471,593`ll
獲獲472,99270@qq.com,lili472,594`ll
獲獲473,99271@qq.com,lili473,595`ll
獲獲474,99272@qq.com,lili474,596`ll
獲獲475,99273@qq.com,lili475,597`ll
獲獲476,99274@qq.com,lili476,598`ll
獲獲477,99275@qq.com,lili477,599`ll
獲獲478,99276@qq.com,lili478,600`ll
獲獲479,99277@qq.com,lili479,601`ll
獲獲480,99278@qq.com,lili480,602`ll
獲獲481,99279@qq.com,lili481,603`ll
獲獲482,99280@qq.com,lili482,604`ll
獲獲483,99281@qq.com,lili483,605`ll
獲獲484,99282@qq.com,lili484,606`ll
獲獲485,99283@qq.com,lili485,607`ll
獲獲486,99284@qq.com,lili486,608`ll
獲獲487,99285@qq.com,lili487,609`ll
獲獲488,99286@qq.com,lili488,610`ll
獲獲489,99287@qq.com,lili489,611`ll
獲獲490,99288@qq.com,lili490,612`ll
獲獲491,99289@qq.com,lili491,613`ll
獲獲492,99290@qq.com,lili492,614`ll
獲獲493,99291@qq.com,lili493,615`ll
獲獲494,99292@qq.com,lili494,616`ll
獲獲495,99293@qq.com,lili495,617`ll
獲獲496,99294@qq.com,lili496,618`ll
獲獲497,99295@qq.com,lili497,619`ll
獲獲498,99296@qq.com,lili498,620`ll
獲獲499,99297@qq.com,lili499,621`ll
獲獲500,99298@qq.com,lili500,622`ll
獲獲501,99299@qq.com,lili501,623`ll
獲獲502,99300@qq.com,lili502,624`ll
獲獲503,99301@qq.com,lili503,625`ll
獲獲504,99302@qq.com,lili504,626`ll
獲獲505,99303@qq.com,lili505,627`ll
獲獲506,99304@qq.com,lili506,628`ll
獲獲507,99305@qq.com,lili507,629`ll
獲獲508,99306@qq.com,lili508,630`ll
獲獲509,99307@qq.com,lili509,631`ll
獲獲510,99308@qq.com,lili510,632`ll
獲獲511,99309@qq.com,lili511,633`ll
獲獲512,99310@qq.com,lili512,634`ll
獲獲513,99311@qq.com,lili513,635`ll
獲獲514,99312@qq.com,lili514,636`ll
獲獲515,99313@qq.com,lili515,637`ll
獲獲516,99314@qq.com,lili516,638`ll
獲獲517,99315@qq.com,lili517,639`ll
獲獲518,99316@qq.com,lili518,640`ll
獲獲519,99317@qq.com,lili519,641`ll
獲獲520,99318@qq.com,lili520,642`ll
獲獲521,99319@qq.com,lili521,643`ll
獲獲522,99320@qq.com,lili522,644`ll
獲獲523,99321@qq.com,lili523,645`ll
獲獲524,99322@qq.com,lili524,646`ll
獲獲525,99323@qq.com,lili525,647`ll
獲獲526,99324@qq.com,lili526,648`ll
獲獲527,99325@qq.com,lili527,649`ll
獲獲528,99326@qq.com,lili528,650`ll
獲獲529,99327@qq.com,lili529,651`ll
獲獲530,99328@qq.com,lili530,652`ll
獲獲531,99329@qq.com,lili531,653`ll
獲獲532,99330@qq.com,lili532,654`ll
獲獲533,99331@qq.com,lili533,655`ll
獲獲534,99332@qq.com,lili534,656`ll
獲獲535,99333@qq.com,lili535,657`ll
獲獲536,99334@qq.com,lili536,658`ll
獲獲537,99335@qq.com,lili537,659`ll
獲獲538,99336@qq.com,lili538,660`ll
獲獲539,99337@qq.com,lili539,661`ll
獲獲540,99338@qq.com,lili540,662`ll
獲獲541,99339@qq.com,lili541,663`ll
獲獲542,99340@qq.com,lili542,664`ll
獲獲543,99341@qq.com,lili543,665`ll
獲獲544,99342@qq.com,lili544,666`ll
獲獲545,99343@qq.com,lili545,667`ll
獲獲546,99344@qq.com,lili546,668`ll
獲獲547,99345@qq.com,lili547,669`ll
獲獲548,99346@qq.com,lili548,670`ll
獲獲549,99347@qq.com,lili549,671`ll
獲獲550,99348@qq.com,lili550,672`ll
獲獲551,99349@qq.com,lili551,673`ll
獲獲552,99350@qq.com,lili552,674`ll
獲獲553,99351@qq.com,lili553,675`ll
獲獲554,99352@qq.com,lili554,676`ll
獲獲555,99353@qq.com,lili555,677`ll
獲獲556,99354@qq.com,lili556,678`ll
獲獲557,99355@qq.com,lili557,679`ll
獲獲558,99356@qq.com,lili558,680`ll
獲獲559,99357@qq.com,lili559,681`ll
獲獲560,99358@qq.com,lili560,682`ll
獲獲561,99359@qq.com,lili561,683`ll
獲獲562,99360@qq.com,lili562,684`ll
獲獲563,99361@qq.com,lili563,685`ll
獲獲564,99362@qq.com,lili564,686`ll
獲獲565,99363@qq.com,lili565,687`ll
獲獲566,99364@qq.com,lili566,688`ll
獲獲567,99365@qq.com,lili567,689`ll
獲獲568,99366@qq.com,lili568,690`ll
獲獲569,99367@qq.com,lili569,691`ll
獲獲570,99368@qq.com,lili570,692`ll
獲獲571,99369@qq.com,lili571,693`ll
獲獲572,99370@qq.com,lili572,694`ll
獲獲573,99371@qq.com,lili573,695`ll
獲獲574,99372@qq.com,lili574,696`ll
獲獲575,99373@qq.com,lili575,697`ll
獲獲576,99374@qq.com,lili576,698`ll
獲獲577,99375@qq.com,lili577,699`ll
獲獲578,99376@qq.com,lili578,700`ll
獲獲579,99377@qq.com,lili579,701`ll
獲獲580,99378@qq.com,lili580,702`ll
獲獲581,99379@qq.com,lili581,703`ll
獲獲582,99380@qq.com,lili582,704`ll
獲獲583,99381@qq.com,lili583,705`ll
獲獲584,99382@qq.com,lili584,706`ll
獲獲585,99383@qq.com,lili585,707`ll
獲獲586,99384@qq.com,lili586,708`ll
獲獲587,99385@qq.com,lili587,709`ll
獲獲588,99386@qq.com,lili588,710`ll
獲獲589,99387@qq.com,lili589,711`ll
獲獲590,99388@qq.com,lili590,712`ll
獲獲591,99389@qq.com,lili591,713`ll
獲獲592,99390@qq.com,lili592,714`ll
獲獲593,99391@qq.com,lili593,715`ll
獲獲594,99392@qq.com,lili594,716`ll
獲獲595,99393@qq.com,lili595,717`ll
獲獲596,99394@qq.com,lili596,718`ll
獲獲597,99395@qq.com,lili597,719`ll
獲獲598,99396@qq.com,lili598,720`ll
獲獲599,99397@qq.com,lili599,721`ll
獲獲600,99398@qq.com,lili600,722`ll
獲獲601,99399@qq.com,lili601,723`ll
獲獲602,99400@qq.com,lili602,724`ll
獲獲603,99401@qq.com,lili603,725`ll
獲獲604,99402@qq.com,lili604,726`ll
獲獲605,99403@qq.com,lili605,727`ll
獲獲606,99404@qq.com,lili606,728`ll
獲獲607,99405@qq.com,lili607,729`ll
獲獲608,99406@qq.com,lili608,730`ll
獲獲609,99407@qq.com,lili609,731`ll
獲獲610,99408@qq.com,lili610,732`ll
獲獲611,99409@qq.com,lili611,733`ll
獲獲612,99410@qq.com,lili612,734`ll
獲獲613,99411@qq.com,lili613,735`ll
獲獲614,99412@qq.com,lili614,736`ll
獲獲615,99413@qq.com,lili615,737`ll
獲獲616,99414@qq.com,lili616,738`ll
獲獲617,99415@qq.com,lili617,739`ll
獲獲618,99416@qq.com,lili618,740`ll
獲獲619,99417@qq.com,lili619,741`ll
獲獲620,99418@qq.com,lili620,742`ll
獲獲621,99419@qq.com,lili621,743`ll
獲獲622,99420@qq.com,lili622,744`ll
獲獲623,99421@qq.com,lili623,745`ll
獲獲624,99422@qq.com,lili624,746`ll
獲獲625,99423@qq.com,lili625,747`ll
獲獲626,99424@qq.com,lili626,748`ll
獲獲627,99425@qq.com,lili627,749`ll
獲獲628,99426@qq.com,lili628,750`ll
獲獲629,99427@qq.com,lili629,751`ll
獲獲630,99428@qq.com,lili630,752`ll
獲獲631,99429@qq.com,lili631,753`ll
獲獲632,99430@qq.com,lili632,754`ll
獲獲633,99431@qq.com,lili633,755`ll
獲獲634,99432@qq.com,lili634,756`ll
獲獲635,99433@qq.com,lili635,757`ll
獲獲636,99434@qq.com,lili636,758`ll
獲獲637,99435@qq.com,lili637,759`ll
獲獲638,99436@qq.com,lili638,760`ll
獲獲639,99437@qq.com,lili639,761`ll
獲獲640,99438@qq.com,lili640,762`ll
獲獲641,99439@qq.com,lili641,763`ll
獲獲642,99440@qq.com,lili642,764`ll
獲獲643,99441@qq.com,lili643,765`ll
獲獲644,99442@qq.com,lili644,766`ll
獲獲645,99443@qq.com,lili645,767`ll
獲獲646,99444@qq.com,lili646,768`ll
獲獲647,99445@qq.com,lili647,769`ll
獲獲648,99446@qq.com,lili648,770`ll
獲獲649,99447@qq.com,lili649,771`ll
獲獲650,99448@qq.com,lili650,772`ll
獲獲651,99449@qq.com,lili651,773`ll
獲獲652,99450@qq.com,lili652,774`ll
獲獲653,99451@qq.com,lili653,775`ll
獲獲654,99452@qq.com,lili654,776`ll
獲獲655,99453@qq.com,lili655,777`ll
獲獲656,99454@qq.com,lili656,778`ll
獲獲657,99455@qq.com,lili657,779`ll
獲獲658,99456@qq.com,lili658,780`ll
獲獲659,99457@qq.com,lili659,781`ll
獲獲660,99458@qq.com,lili660,782`ll
獲獲661,99459@qq.com,lili661,783`ll
獲獲662,99460@qq.com,lili662,784`ll
獲獲663,99461@qq.com,lili663,785`ll
獲獲664,99462@qq.com,lili664,786`ll
獲獲665,99463@qq.com,lili665,787`ll
獲獲666,99464@qq.com,lili666,788`ll
獲獲667,99465@qq.com,lili667,789`ll
獲獲668,99466@qq.com,lili668,790`ll
獲獲669,99467@qq.com,lili669,791`ll
獲獲670,99468@qq.com,lili670,792`ll
獲獲671,99469@qq.com,lili671,793`ll
獲獲672,99470@qq.com,lili672,794`ll
獲獲673,99471@qq.com,lili673,795`ll
獲獲674,99472@qq.com,lili674,796`ll
獲獲675,99473@qq.com,lili675,797`ll
獲獲676,99474@qq.com,lili676,798`ll
獲獲677,99475@qq.com,lili677,799`ll
獲獲678,99476@qq.com,lili678,800`ll
獲獲679,99477@qq.com,lili679,801`ll
獲獲680,99478@qq.com,lili680,802`ll
獲獲681,99479@qq.com,lili681,803`ll
獲獲682,99480@qq.com,lili682,804`ll
獲獲683,99481@qq.com,lili683,805`ll
獲獲684,99482@qq.com,lili684,806`ll
獲獲685,99483@qq.com,lili685,807`ll
獲獲686,99484@qq.com,lili686,808`ll
獲獲687,99485@qq.com,lili687,809`ll
獲獲688,99486@qq.com,lili688,810`ll
獲獲689,99487@qq.com,lili689,811`ll
獲獲690,99488@qq.com,lili690,812`ll
獲獲691,99489@qq.com,lili691,813`ll
獲獲692,99490@qq.com,lili692,814`ll
獲獲693,99491@qq.com,lili693,815`ll
獲獲694,99492@qq.com,lili694,816`ll
獲獲695,99493@qq.com,lili695,817`ll
獲獲696,99494@qq.com,lili696,818`ll
獲獲697,99495@qq.com,lili697,819`ll
獲獲698,99496@qq.com,lili698,820`ll
獲獲699,99497@qq.com,lili699,821`ll
獲獲700,99498@qq.com,lili700,822`ll
獲獲701,99499@qq.com,lili701,823`ll
獲獲702,99500@qq.com,lili702,824`ll
獲獲703,99501@qq.com,lili703,825`ll
獲獲704,99502@qq.com,lili704,826`ll
獲獲705,99503@qq.com,lili705,827`ll
獲獲706,99504@qq.com,lili706,828`ll
獲獲707,99505@qq.com,lili707,829`ll
獲獲708,99506@qq.com,lili708,830`ll
獲獲709,99507@qq.com,lili709,831`ll
獲獲710,99508@qq.com,lili710,832`ll
獲獲711,99509@qq.com,lili711,833`ll
獲獲712,99510@qq.com,lili712,834`ll
獲獲713,99511@qq.com,lili713,835`ll
獲獲714,99512@qq.com,lili714,836`ll
獲獲715,99513@qq.com,lili715,837`ll
獲獲716,99514@qq.com,lili716,838`ll
獲獲717,99515@qq.com,lili717,839`ll
獲獲718,99516@qq.com,lili718,840`ll
獲獲719,99517@qq.com,lili719,841`ll
獲獲720,99518@qq.com,lili720,842`ll
獲獲721,99519@qq.com,lili721,843`ll
獲獲722,99520@qq.com,lili722,844`ll
獲獲723,99521@qq.com,lili723,845`ll
獲獲724,99522@qq.com,lili724,846`ll
獲獲725,99523@qq.com,lili725,847`ll
獲獲726,99524@qq.com,lili726,848`ll
獲獲727,99525@qq.com,lili727,849`ll
獲獲728,99526@qq.com,lili728,850`ll
獲獲729,99527@qq.com,lili729,851`ll
獲獲730,99528@qq.com,lili730,852`ll
獲獲731,99529@qq.com,lili731,853`ll
獲獲732,99530@qq.com,lili732,854`ll
獲獲733,99531@qq.com,lili733,855`ll
獲獲734,99532@qq.com,lili734,856`ll
獲獲735,99533@qq.com,lili735,857`ll
獲獲736,99534@qq.com,lili736,858`ll
獲獲737,99535@qq.com,lili737,859`ll
獲獲738,99536@qq.com,lili738,860`ll
獲獲739,99537@qq.com,lili739,861`ll
獲獲740,99538@qq.com,lili740,862`ll
獲獲741,99539@qq.com,lili741,863`ll
獲獲742,99540@qq.com,lili742,864`ll
獲獲743,99541@qq.com,lili743,865`ll
獲獲744,99542@qq.com,lili744,866`ll
獲獲745,99543@qq.com,lili745,867`ll
獲獲746,99544@qq.com,lili746,868`ll
獲獲747,99545@qq.com,lili747,869`ll
獲獲748,99546@qq.com,lili748,870`ll
獲獲749,99547@qq.com,lili749,871`ll
獲獲750,99548@qq.com,lili750,872`ll
獲獲751,99549@qq.com,lili751,873`ll
獲獲752,99550@qq.com,lili752,874`ll
獲獲753,99551@qq.com,lili753,875`ll
獲獲754,99552@qq.com,lili754,876`ll
獲獲755,99553@qq.com,lili755,877`ll
獲獲756,99554@qq.com,lili756,878`ll
獲獲757,99555@qq.com,lili757,879`ll
獲獲758,99556@qq.com,lili758,880`ll
獲獲759,99557@qq.com,lili759,881`ll
獲獲760,99558@qq.com,lili760,882`ll
獲獲761,99559@qq.com,lili761,883`ll
獲獲762,99560@qq.com,lili762,884`ll
獲獲763,99561@qq.com,lili763,885`ll
獲獲764,99562@qq.com,lili764,886`ll
獲獲765,99563@qq.com,lili765,887`ll
獲獲766,99564@qq.com,lili766,888`ll
獲獲767,99565@qq.com,lili767,889`ll
獲獲768,99566@qq.com,lili768,890`ll
獲獲769,99567@qq.com,lili769,891`ll
獲獲770,99568@qq.com,lili770,892`ll
獲獲771,99569@qq.com,lili771,893`ll
獲獲772,99570@qq.com,lili772,894`ll
獲獲773,99571@qq.com,lili773,895`ll
獲獲774,99572@qq.com,lili774,896`ll
獲獲775,99573@qq.com,lili775,897`ll
獲獲776,99574@qq.com,lili776,898`ll
獲獲777,99575@qq.com,lili777,899`ll
獲獲778,99576@qq.com,lili778,900`ll
獲獲779,99577@qq.com,lili779,901`ll
獲獲780,99578@qq.com,lili780,902`ll
獲獲781,99579@qq.com,lili781,903`ll
獲獲782,99580@qq.com,lili782,904`ll
獲獲783,99581@qq.com,lili783,905`ll
獲獲784,99582@qq.com,lili784,906`ll
獲獲785,99583@qq.com,lili785,907`ll
獲獲786,99584@qq.com,lili786,908`ll
獲獲787,99585@qq.com,lili787,909`ll
獲獲788,99586@qq.com,lili788,910`ll
獲獲789,99587@qq.com,lili789,911`ll
獲獲790,99588@qq.com,lili790,912`ll
獲獲791,99589@qq.com,lili791,913`ll
獲獲792,99590@qq.com,lili792,914`ll
獲獲793,99591@qq.com,lili793,915`ll
獲獲794,99592@qq.com,lili794,916`ll
獲獲795,99593@qq.com,lili795,917`ll
獲獲796,99594@qq.com,lili796,918`ll
獲獲797,99595@qq.com,lili797,919`ll
獲獲798,99596@qq.com,lili798,920`ll
獲獲799,99597@qq.com,lili799,921`ll
獲獲800,99598@qq.com,lili800,922`ll
獲獲801,99599@qq.com,lili801,923`ll
獲獲802,99600@qq.com,lili802,924`ll
獲獲803,99601@qq.com,lili803,925`ll
獲獲804,99602@qq.com,lili804,926`ll
獲獲805,99603@qq.com,lili805,927`ll
獲獲806,99604@qq.com,lili806,928`ll
獲獲807,99605@qq.com,lili807,929`ll
獲獲808,99606@qq.com,lili808,930`ll
獲獲809,99607@qq.com,lili809,931`ll
獲獲810,99608@qq.com,lili810,932`ll
獲獲811,99609@qq.com,lili811,933`ll
獲獲812,99610@qq.com,lili812,934`ll
獲獲813,99611@qq.com,lili813,935`ll
獲獲814,99612@qq.com,lili814,936`ll
獲獲815,99613@qq.com,lili815,937`ll
獲獲816,99614@qq.com,lili816,938`ll
獲獲817,99615@qq.com,lili817,939`ll
獲獲818,99616@qq.com,lili818,940`ll
獲獲819,99617@qq.com,lili819,941`ll
獲獲820,99618@qq.com,lili820,942`ll
獲獲821,99619@qq.com,lili821,943`ll
獲獲822,99620@qq.com,lili822,944`ll
獲獲823,99621@qq.com,lili823,945`ll
獲獲824,99622@qq.com,lili824,946`ll
獲獲825,99623@qq.com,lili825,947`ll
獲獲826,99624@qq.com,lili826,948`ll
獲獲827,99625@qq.com,lili827,949`ll
獲獲828,99626@qq.com,lili828,950`ll
獲獲829,99627@qq.com,lili829,951`ll
獲獲830,99628@qq.com,lili830,952`ll
獲獲831,99629@qq.com,lili831,953`ll
獲獲832,99630@qq.com,lili832,954`ll
獲獲833,99631@qq.com,lili833,955`ll
獲獲834,99632@qq.com,lili834,956`ll
獲獲835,99633@qq.com,lili835,957`ll
獲獲836,99634@qq.com,lili836,958`ll
獲獲837,99635@qq.com,lili837,959`ll
獲獲838,99636@qq.com,lili838,960`ll
獲獲839,99637@qq.com,lili839,961`ll
獲獲840,99638@qq.com,lili840,962`ll
獲獲841,99639@qq.com,lili841,963`ll
獲獲842,99640@qq.com,lili842,964`ll
獲獲843,99641@qq.com,lili843,965`ll
獲獲844,99642@qq.com,lili844,966`ll
獲獲845,99643@qq.com,lili845,967`ll
獲獲846,99644@qq.com,lili846,968`ll
獲獲847,99645@qq.com,lili847,969`ll
獲獲848,99646@qq.com,lili848,970`ll
獲獲849,99647@qq.com,lili849,971`ll
獲獲850,99648@qq.com,lili850,972`ll
獲獲851,99649@qq.com,lili851,973`ll
獲獲852,99650@qq.com,lili852,974`ll
獲獲853,99651@qq.com,lili853,975`ll
獲獲854,99652@qq.com,lili854,976`ll
獲獲855,99653@qq.com,lili855,977`ll
獲獲856,99654@qq.com,lili856,978`ll
獲獲857,99655@qq.com,lili857,979`ll
獲獲858,99656@qq.com,lili858,980`ll
獲獲859,99657@qq.com,lili859,981`ll
獲獲860,99658@qq.com,lili860,982`ll
獲獲861,99659@qq.com,lili861,983`ll
獲獲862,99660@qq.com,lili862,984`ll
獲獲863,99661@qq.com,lili863,985`ll
獲獲864,99662@qq.com,lili864,986`ll
獲獲865,99663@qq.com,lili865,987`ll
獲獲866,99664@qq.com,lili866,988`ll
獲獲867,99665@qq.com,lili867,989`ll
獲獲868,99666@qq.com,lili868,990`ll
獲獲869,99667@qq.com,lili869,991`ll
獲獲870,99668@qq.com,lili870,992`ll
獲獲871,99669@qq.com,lili871,993`ll
獲獲872,99670@qq.com,lili872,994`ll
獲獲873,99671@qq.com,lili873,995`ll
獲獲874,99672@qq.com,lili874,996`ll
獲獲875,99673@qq.com,lili875,997`ll
獲獲876,99674@qq.com,lili876,998`ll
獲獲877,99675@qq.com,lili877,999`ll
獲獲878,99676@qq.com,lili878,1000`ll
獲獲879,99677@qq.com,lili879,1001`ll
獲獲880,99678@qq.com,lili880,1002`ll
獲獲881,99679@qq.com,lili881,1003`ll
獲獲882,99680@qq.com,lili882,1004`ll
獲獲883,99681@qq.com,lili883,1005`ll
獲獲884,99682@qq.com,lili884,1006`ll
獲獲885,99683@qq.com,lili885,1007`ll
獲獲886,99684@qq.com,lili886,1008`ll
獲獲887,99685@qq.com,lili887,1009`ll
獲獲888,99686@qq.com,lili888,1010`ll
獲獲889,99687@qq.com,lili889,1011`ll
獲獲890,99688@qq.com,lili890,1012`ll
獲獲891,99689@qq.com,lili891,1013`ll
獲獲892,99690@qq.com,lili892,1014`ll
獲獲893,99691@qq.com,lili893,1015`ll
獲獲894,99692@qq.com,lili894,1016`ll
獲獲895,99693@qq.com,lili895,1017`ll
獲獲896,99694@qq.com,lili896,1018`ll
獲獲897,99695@qq.com,lili897,1019`ll
獲獲898,99696@qq.com,lili898,1020`ll
獲獲899,99697@qq.com,lili899,1021`ll
獲獲900,99698@qq.com,lili900,1022`ll
獲獲901,99699@qq.com,lili901,1023`ll
獲獲902,99700@qq.com,lili902,1024`ll
獲獲903,99701@qq.com,lili903,1025`ll
獲獲904,99702@qq.com,lili904,1026`ll
獲獲905,99703@qq.com,lili905,1027`ll
獲獲906,99704@qq.com,lili906,1028`ll
獲獲907,99705@qq.com,lili907,1029`ll
獲獲908,99706@qq.com,lili908,1030`ll
獲獲909,99707@qq.com,lili909,1031`ll
獲獲910,99708@qq.com,lili910,1032`ll
獲獲911,99709@qq.com,lili911,1033`ll
獲獲912,99710@qq.com,lili912,1034`ll
獲獲913,99711@qq.com,lili913,1035`ll
獲獲914,99712@qq.com,lili914,1036`ll
獲獲915,99713@qq.com,lili915,1037`ll
獲獲916,99714@qq.com,lili916,1038`ll
獲獲917,99715@qq.com,lili917,1039`ll
獲獲918,99716@qq.com,lili918,1040`ll
獲獲919,99717@qq.com,lili919,1041`ll
獲獲920,99718@qq.com,lili920,1042`ll
獲獲921,99719@qq.com,lili921,1043`ll
獲獲922,99720@qq.com,lili922,1044`ll
獲獲923,99721@qq.com,lili923,1045`ll
獲獲924,99722@qq.com,lili924,1046`ll
獲獲925,99723@qq.com,lili925,1047`ll
獲獲926,99724@qq.com,lili926,1048`ll
獲獲927,99725@qq.com,lili927,1049`ll
獲獲928,99726@qq.com,lili928,1050`ll
獲獲929,99727@qq.com,lili929,1051`ll
獲獲930,99728@qq.com,lili930,1052`ll
獲獲931,99729@qq.com,lili931,1053`ll
獲獲932,99730@qq.com,lili932,1054`ll
獲獲933,99731@qq.com,lili933,1055`ll
獲獲934,99732@qq.com,lili934,1056`ll
獲獲935,99733@qq.com,lili935,1057`ll
獲獲936,99734@qq.com,lili936,1058`ll
獲獲937,99735@qq.com,lili937,1059`ll
獲獲938,99736@qq.com,lili938,1060`ll
獲獲939,99737@qq.com,lili939,1061`ll
獲獲940,99738@qq.com,lili940,1062`ll
獲獲941,99739@qq.com,lili941,1063`ll
獲獲942,99740@qq.com,lili942,1064`ll
獲獲943,99741@qq.com,lili943,1065`ll
獲獲944,99742@qq.com,lili944,1066`ll
獲獲945,99743@qq.com,lili945,1067`ll
獲獲946,99744@qq.com,lili946,1068`ll
獲獲947,99745@qq.com,lili947,1069`ll
獲獲948,99746@qq.com,lili948,1070`ll
獲獲949,99747@qq.com,lili949,1071`ll
獲獲950,99748@qq.com,lili950,1072`ll
獲獲951,99749@qq.com,lili951,1073`ll
獲獲952,99750@qq.com,lili952,1074`ll
獲獲953,99751@qq.com,lili953,1075`ll
獲獲954,99752@qq.com,lili954,1076`ll
獲獲955,99753@qq.com,lili955,1077`ll
獲獲956,99754@qq.com,lili956,1078`ll
獲獲957,99755@qq.com,lili957,1079`ll
獲獲958,99756@qq.com,lili958,1080`ll
獲獲959,99757@qq.com,lili959,1081`ll
獲獲960,99758@qq.com,lili960,1082`ll
獲獲961,99759@qq.com,lili961,1083`ll
獲獲962,99760@qq.com,lili962,1084`ll
獲獲963,99761@qq.com,lili963,1085`ll
獲獲964,99762@qq.com,lili964,1086`ll
獲獲965,99763@qq.com,lili965,1087`ll
獲獲966,99764@qq.com,lili966,1088`ll
獲獲967,99765@qq.com,lili967,1089`ll
獲獲968,99766@qq.com,lili968,1090`ll
獲獲969,99767@qq.com,lili969,1091`ll
獲獲970,99768@qq.com,lili970,1092`ll
獲獲971,99769@qq.com,lili971,1093`ll
獲獲972,99770@qq.com,lili972,1094`ll
獲獲973,99771@qq.com,lili973,1095`ll
獲獲974,99772@qq.com,lili974,1096`ll
獲獲975,99773@qq.com,lili975,1097`ll
獲獲976,99774@qq.com,lili976,1098`ll
獲獲977,99775@qq.com,lili977,1099`ll
獲獲978,99776@qq.com,lili978,1100`ll
獲獲979,99777@qq.com,lili979,1101`ll
獲獲980,99778@qq.com,lili980,1102`ll
獲獲981,99779@qq.com,lili981,1103`ll
獲獲982,99780@qq.com,lili982,1104`ll
獲獲983,99781@qq.com,lili983,1105`ll
獲獲984,99782@qq.com,lili984,1106`ll
獲獲985,99783@qq.com,lili985,1107`ll
獲獲986,99784@qq.com,lili986,1108`ll
獲獲987,99785@qq.com,lili987,1109`ll
獲獲988,99786@qq.com,lili988,1110`ll
獲獲989,99787@qq.com,lili989,1111`ll
獲獲990,99788@qq.com,lili990,1112`ll
獲獲991,99789@qq.com,lili991,1113`ll
獲獲992,99790@qq.com,lili992,1114`ll
獲獲993,99791@qq.com,lili993,1115`ll
獲獲994,99792@qq.com,lili994,1116`ll
獲獲995,99793@qq.com,lili995,1117`ll
獲獲996,99794@qq.com,lili996,1118`ll
獲獲997,99795@qq.com,lili997,1119`ll
獲獲998,99796@qq.com,lili998,1120`ll
獲獲999,99797@qq.com,lili999,1121`ll
獲獲1000,99798@qq.com,lili1000,1122`ll
