王珂1,98799@qq.com,wkwk1,123`wk
王珂2,98800@qq.com,wkwk2,124`wk
王珂3,98801@qq.com,wkwk3,125`wk
王珂4,98802@qq.com,wkwk4,126`wk
王珂5,98803@qq.com,wkwk5,127`wk
王珂6,98804@qq.com,wkwk6,128`wk
王珂7,98805@qq.com,wkwk7,129`wk
王珂8,98806@qq.com,wkwk8,130`wk
王珂9,98807@qq.com,wkwk9,131`wk
王珂10,98808@qq.com,wkwk10,132`wk
王珂11,98809@qq.com,wkwk11,133`wk
王珂12,98810@qq.com,wkwk12,134`wk
王珂13,98811@qq.com,wkwk13,135`wk
王珂14,98812@qq.com,wkwk14,136`wk
王珂15,98813@qq.com,wkwk15,137`wk
王珂16,98814@qq.com,wkwk16,138`wk
王珂17,98815@qq.com,wkwk17,139`wk
王珂18,98816@qq.com,wkwk18,140`wk
王珂19,98817@qq.com,wkwk19,141`wk
王珂20,98818@qq.com,wkwk20,142`wk
王珂21,98819@qq.com,wkwk21,143`wk
王珂22,98820@qq.com,wkwk22,144`wk
王珂23,98821@qq.com,wkwk23,145`wk
王珂24,98822@qq.com,wkwk24,146`wk
王珂25,98823@qq.com,wkwk25,147`wk
王珂26,98824@qq.com,wkwk26,148`wk
王珂27,98825@qq.com,wkwk27,149`wk
王珂28,98826@qq.com,wkwk28,150`wk
王珂29,98827@qq.com,wkwk29,151`wk
王珂30,98828@qq.com,wkwk30,152`wk
王珂31,98829@qq.com,wkwk31,153`wk
王珂32,98830@qq.com,wkwk32,154`wk
王珂33,98831@qq.com,wkwk33,155`wk
王珂34,98832@qq.com,wkwk34,156`wk
王珂35,98833@qq.com,wkwk35,157`wk
王珂36,98834@qq.com,wkwk36,158`wk
王珂37,98835@qq.com,wkwk37,159`wk
王珂38,98836@qq.com,wkwk38,160`wk
王珂39,98837@qq.com,wkwk39,161`wk
王珂40,98838@qq.com,wkwk40,162`wk
王珂41,98839@qq.com,wkwk41,163`wk
王珂42,98840@qq.com,wkwk42,164`wk
王珂43,98841@qq.com,wkwk43,165`wk
王珂44,98842@qq.com,wkwk44,166`wk
王珂45,98843@qq.com,wkwk45,167`wk
王珂46,98844@qq.com,wkwk46,168`wk
王珂47,98845@qq.com,wkwk47,169`wk
王珂48,98846@qq.com,wkwk48,170`wk
王珂49,98847@qq.com,wkwk49,171`wk
王珂50,98848@qq.com,wkwk50,172`wk
王珂51,98849@qq.com,wkwk51,173`wk
王珂52,98850@qq.com,wkwk52,174`wk
王珂53,98851@qq.com,wkwk53,175`wk
王珂54,98852@qq.com,wkwk54,176`wk
王珂55,98853@qq.com,wkwk55,177`wk
王珂56,98854@qq.com,wkwk56,178`wk
王珂57,98855@qq.com,wkwk57,179`wk
王珂58,98856@qq.com,wkwk58,180`wk
王珂59,98857@qq.com,wkwk59,181`wk
王珂60,98858@qq.com,wkwk60,182`wk
王珂61,98859@qq.com,wkwk61,183`wk
王珂62,98860@qq.com,wkwk62,184`wk
王珂63,98861@qq.com,wkwk63,185`wk
王珂64,98862@qq.com,wkwk64,186`wk
王珂65,98863@qq.com,wkwk65,187`wk
王珂66,98864@qq.com,wkwk66,188`wk
王珂67,98865@qq.com,wkwk67,189`wk
王珂68,98866@qq.com,wkwk68,190`wk
王珂69,98867@qq.com,wkwk69,191`wk
王珂70,98868@qq.com,wkwk70,192`wk
王珂71,98869@qq.com,wkwk71,193`wk
王珂72,98870@qq.com,wkwk72,194`wk
王珂73,98871@qq.com,wkwk73,195`wk
王珂74,98872@qq.com,wkwk74,196`wk
王珂75,98873@qq.com,wkwk75,197`wk
王珂76,98874@qq.com,wkwk76,198`wk
王珂77,98875@qq.com,wkwk77,199`wk
王珂78,98876@qq.com,wkwk78,200`wk
王珂79,98877@qq.com,wkwk79,201`wk
王珂80,98878@qq.com,wkwk80,202`wk
王珂81,98879@qq.com,wkwk81,203`wk
王珂82,98880@qq.com,wkwk82,204`wk
王珂83,98881@qq.com,wkwk83,205`wk
王珂84,98882@qq.com,wkwk84,206`wk
王珂85,98883@qq.com,wkwk85,207`wk
王珂86,98884@qq.com,wkwk86,208`wk
王珂87,98885@qq.com,wkwk87,209`wk
王珂88,98886@qq.com,wkwk88,210`wk
王珂89,98887@qq.com,wkwk89,211`wk
王珂90,98888@qq.com,wkwk90,212`wk
王珂91,98889@qq.com,wkwk91,213`wk
王珂92,98890@qq.com,wkwk92,214`wk
王珂93,98891@qq.com,wkwk93,215`wk
王珂94,98892@qq.com,wkwk94,216`wk
王珂95,98893@qq.com,wkwk95,217`wk
王珂96,98894@qq.com,wkwk96,218`wk
王珂97,98895@qq.com,wkwk97,219`wk
王珂98,98896@qq.com,wkwk98,220`wk
王珂99,98897@qq.com,wkwk99,221`wk
王珂100,98898@qq.com,wkwk100,222`wk
王珂101,98899@qq.com,wkwk101,223`wk
王珂102,98900@qq.com,wkwk102,224`wk
王珂103,98901@qq.com,wkwk103,225`wk
王珂104,98902@qq.com,wkwk104,226`wk
王珂105,98903@qq.com,wkwk105,227`wk
王珂106,98904@qq.com,wkwk106,228`wk
王珂107,98905@qq.com,wkwk107,229`wk
王珂108,98906@qq.com,wkwk108,230`wk
王珂109,98907@qq.com,wkwk109,231`wk
王珂110,98908@qq.com,wkwk110,232`wk
王珂111,98909@qq.com,wkwk111,233`wk
王珂112,98910@qq.com,wkwk112,234`wk
王珂113,98911@qq.com,wkwk113,235`wk
王珂114,98912@qq.com,wkwk114,236`wk
王珂115,98913@qq.com,wkwk115,237`wk
王珂116,98914@qq.com,wkwk116,238`wk
王珂117,98915@qq.com,wkwk117,239`wk
王珂118,98916@qq.com,wkwk118,240`wk
王珂119,98917@qq.com,wkwk119,241`wk
王珂120,98918@qq.com,wkwk120,242`wk
王珂121,98919@qq.com,wkwk121,243`wk
王珂122,98920@qq.com,wkwk122,244`wk
王珂123,98921@qq.com,wkwk123,245`wk
王珂124,98922@qq.com,wkwk124,246`wk
王珂125,98923@qq.com,wkwk125,247`wk
王珂126,98924@qq.com,wkwk126,248`wk
王珂127,98925@qq.com,wkwk127,249`wk
王珂128,98926@qq.com,wkwk128,250`wk
王珂129,98927@qq.com,wkwk129,251`wk
王珂130,98928@qq.com,wkwk130,252`wk
王珂131,98929@qq.com,wkwk131,253`wk
王珂132,98930@qq.com,wkwk132,254`wk
王珂133,98931@qq.com,wkwk133,255`wk
王珂134,98932@qq.com,wkwk134,256`wk
王珂135,98933@qq.com,wkwk135,257`wk
王珂136,98934@qq.com,wkwk136,258`wk
王珂137,98935@qq.com,wkwk137,259`wk
王珂138,98936@qq.com,wkwk138,260`wk
王珂139,98937@qq.com,wkwk139,261`wk
王珂140,98938@qq.com,wkwk140,262`wk
王珂141,98939@qq.com,wkwk141,263`wk
王珂142,98940@qq.com,wkwk142,264`wk
王珂143,98941@qq.com,wkwk143,265`wk
王珂144,98942@qq.com,wkwk144,266`wk
王珂145,98943@qq.com,wkwk145,267`wk
王珂146,98944@qq.com,wkwk146,268`wk
王珂147,98945@qq.com,wkwk147,269`wk
王珂148,98946@qq.com,wkwk148,270`wk
王珂149,98947@qq.com,wkwk149,271`wk
王珂150,98948@qq.com,wkwk150,272`wk
王珂151,98949@qq.com,wkwk151,273`wk
王珂152,98950@qq.com,wkwk152,274`wk
王珂153,98951@qq.com,wkwk153,275`wk
王珂154,98952@qq.com,wkwk154,276`wk
王珂155,98953@qq.com,wkwk155,277`wk
王珂156,98954@qq.com,wkwk156,278`wk
王珂157,98955@qq.com,wkwk157,279`wk
王珂158,98956@qq.com,wkwk158,280`wk
王珂159,98957@qq.com,wkwk159,281`wk
王珂160,98958@qq.com,wkwk160,282`wk
王珂161,98959@qq.com,wkwk161,283`wk
王珂162,98960@qq.com,wkwk162,284`wk
王珂163,98961@qq.com,wkwk163,285`wk
王珂164,98962@qq.com,wkwk164,286`wk
王珂165,98963@qq.com,wkwk165,287`wk
王珂166,98964@qq.com,wkwk166,288`wk
王珂167,98965@qq.com,wkwk167,289`wk
王珂168,98966@qq.com,wkwk168,290`wk
王珂169,98967@qq.com,wkwk169,291`wk
王珂170,98968@qq.com,wkwk170,292`wk
王珂171,98969@qq.com,wkwk171,293`wk
王珂172,98970@qq.com,wkwk172,294`wk
王珂173,98971@qq.com,wkwk173,295`wk
王珂174,98972@qq.com,wkwk174,296`wk
王珂175,98973@qq.com,wkwk175,297`wk
王珂176,98974@qq.com,wkwk176,298`wk
王珂177,98975@qq.com,wkwk177,299`wk
王珂178,98976@qq.com,wkwk178,300`wk
王珂179,98977@qq.com,wkwk179,301`wk
王珂180,98978@qq.com,wkwk180,302`wk
王珂181,98979@qq.com,wkwk181,303`wk
王珂182,98980@qq.com,wkwk182,304`wk
王珂183,98981@qq.com,wkwk183,305`wk
王珂184,98982@qq.com,wkwk184,306`wk
王珂185,98983@qq.com,wkwk185,307`wk
王珂186,98984@qq.com,wkwk186,308`wk
王珂187,98985@qq.com,wkwk187,309`wk
王珂188,98986@qq.com,wkwk188,310`wk
王珂189,98987@qq.com,wkwk189,311`wk
王珂190,98988@qq.com,wkwk190,312`wk
王珂191,98989@qq.com,wkwk191,313`wk
王珂192,98990@qq.com,wkwk192,314`wk
王珂193,98991@qq.com,wkwk193,315`wk
王珂194,98992@qq.com,wkwk194,316`wk
王珂195,98993@qq.com,wkwk195,317`wk
王珂196,98994@qq.com,wkwk196,318`wk
王珂197,98995@qq.com,wkwk197,319`wk
王珂198,98996@qq.com,wkwk198,320`wk
王珂199,98997@qq.com,wkwk199,321`wk
王珂200,98998@qq.com,wkwk200,322`wk
王珂201,98999@qq.com,wkwk201,323`wk
王珂202,99000@qq.com,wkwk202,324`wk
王珂203,99001@qq.com,wkwk203,325`wk
王珂204,99002@qq.com,wkwk204,326`wk
王珂205,99003@qq.com,wkwk205,327`wk
王珂206,99004@qq.com,wkwk206,328`wk
王珂207,99005@qq.com,wkwk207,329`wk
王珂208,99006@qq.com,wkwk208,330`wk
王珂209,99007@qq.com,wkwk209,331`wk
王珂210,99008@qq.com,wkwk210,332`wk
王珂211,99009@qq.com,wkwk211,333`wk
王珂212,99010@qq.com,wkwk212,334`wk
王珂213,99011@qq.com,wkwk213,335`wk
王珂214,99012@qq.com,wkwk214,336`wk
王珂215,99013@qq.com,wkwk215,337`wk
王珂216,99014@qq.com,wkwk216,338`wk
王珂217,99015@qq.com,wkwk217,339`wk
王珂218,99016@qq.com,wkwk218,340`wk
王珂219,99017@qq.com,wkwk219,341`wk
王珂220,99018@qq.com,wkwk220,342`wk
王珂221,99019@qq.com,wkwk221,343`wk
王珂222,99020@qq.com,wkwk222,344`wk
王珂223,99021@qq.com,wkwk223,345`wk
王珂224,99022@qq.com,wkwk224,346`wk
王珂225,99023@qq.com,wkwk225,347`wk
王珂226,99024@qq.com,wkwk226,348`wk
王珂227,99025@qq.com,wkwk227,349`wk
王珂228,99026@qq.com,wkwk228,350`wk
王珂229,99027@qq.com,wkwk229,351`wk
王珂230,99028@qq.com,wkwk230,352`wk
王珂231,99029@qq.com,wkwk231,353`wk
王珂232,99030@qq.com,wkwk232,354`wk
王珂233,99031@qq.com,wkwk233,355`wk
王珂234,99032@qq.com,wkwk234,356`wk
王珂235,99033@qq.com,wkwk235,357`wk
王珂236,99034@qq.com,wkwk236,358`wk
王珂237,99035@qq.com,wkwk237,359`wk
王珂238,99036@qq.com,wkwk238,360`wk
王珂239,99037@qq.com,wkwk239,361`wk
王珂240,99038@qq.com,wkwk240,362`wk
王珂241,99039@qq.com,wkwk241,363`wk
王珂242,99040@qq.com,wkwk242,364`wk
王珂243,99041@qq.com,wkwk243,365`wk
王珂244,99042@qq.com,wkwk244,366`wk
王珂245,99043@qq.com,wkwk245,367`wk
王珂246,99044@qq.com,wkwk246,368`wk
王珂247,99045@qq.com,wkwk247,369`wk
王珂248,99046@qq.com,wkwk248,370`wk
王珂249,99047@qq.com,wkwk249,371`wk
王珂250,99048@qq.com,wkwk250,372`wk
王珂251,99049@qq.com,wkwk251,373`wk
王珂252,99050@qq.com,wkwk252,374`wk
王珂253,99051@qq.com,wkwk253,375`wk
王珂254,99052@qq.com,wkwk254,376`wk
王珂255,99053@qq.com,wkwk255,377`wk
王珂256,99054@qq.com,wkwk256,378`wk
王珂257,99055@qq.com,wkwk257,379`wk
王珂258,99056@qq.com,wkwk258,380`wk
王珂259,99057@qq.com,wkwk259,381`wk
王珂260,99058@qq.com,wkwk260,382`wk
王珂261,99059@qq.com,wkwk261,383`wk
王珂262,99060@qq.com,wkwk262,384`wk
王珂263,99061@qq.com,wkwk263,385`wk
王珂264,99062@qq.com,wkwk264,386`wk
王珂265,99063@qq.com,wkwk265,387`wk
王珂266,99064@qq.com,wkwk266,388`wk
王珂267,99065@qq.com,wkwk267,389`wk
王珂268,99066@qq.com,wkwk268,390`wk
王珂269,99067@qq.com,wkwk269,391`wk
王珂270,99068@qq.com,wkwk270,392`wk
王珂271,99069@qq.com,wkwk271,393`wk
王珂272,99070@qq.com,wkwk272,394`wk
王珂273,99071@qq.com,wkwk273,395`wk
王珂274,99072@qq.com,wkwk274,396`wk
王珂275,99073@qq.com,wkwk275,397`wk
王珂276,99074@qq.com,wkwk276,398`wk
王珂277,99075@qq.com,wkwk277,399`wk
王珂278,99076@qq.com,wkwk278,400`wk
王珂279,99077@qq.com,wkwk279,401`wk
王珂280,99078@qq.com,wkwk280,402`wk
王珂281,99079@qq.com,wkwk281,403`wk
王珂282,99080@qq.com,wkwk282,404`wk
王珂283,99081@qq.com,wkwk283,405`wk
王珂284,99082@qq.com,wkwk284,406`wk
王珂285,99083@qq.com,wkwk285,407`wk
王珂286,99084@qq.com,wkwk286,408`wk
王珂287,99085@qq.com,wkwk287,409`wk
王珂288,99086@qq.com,wkwk288,410`wk
王珂289,99087@qq.com,wkwk289,411`wk
王珂290,99088@qq.com,wkwk290,412`wk
王珂291,99089@qq.com,wkwk291,413`wk
王珂292,99090@qq.com,wkwk292,414`wk
王珂293,99091@qq.com,wkwk293,415`wk
王珂294,99092@qq.com,wkwk294,416`wk
王珂295,99093@qq.com,wkwk295,417`wk
王珂296,99094@qq.com,wkwk296,418`wk
王珂297,99095@qq.com,wkwk297,419`wk
王珂298,99096@qq.com,wkwk298,420`wk
王珂299,99097@qq.com,wkwk299,421`wk
王珂300,99098@qq.com,wkwk300,422`wk
王珂301,99099@qq.com,wkwk301,423`wk
王珂302,99100@qq.com,wkwk302,424`wk
王珂303,99101@qq.com,wkwk303,425`wk
王珂304,99102@qq.com,wkwk304,426`wk
王珂305,99103@qq.com,wkwk305,427`wk
王珂306,99104@qq.com,wkwk306,428`wk
王珂307,99105@qq.com,wkwk307,429`wk
王珂308,99106@qq.com,wkwk308,430`wk
王珂309,99107@qq.com,wkwk309,431`wk
王珂310,99108@qq.com,wkwk310,432`wk
王珂311,99109@qq.com,wkwk311,433`wk
王珂312,99110@qq.com,wkwk312,434`wk
王珂313,99111@qq.com,wkwk313,435`wk
王珂314,99112@qq.com,wkwk314,436`wk
王珂315,99113@qq.com,wkwk315,437`wk
王珂316,99114@qq.com,wkwk316,438`wk
王珂317,99115@qq.com,wkwk317,439`wk
王珂318,99116@qq.com,wkwk318,440`wk
王珂319,99117@qq.com,wkwk319,441`wk
王珂320,99118@qq.com,wkwk320,442`wk
王珂321,99119@qq.com,wkwk321,443`wk
王珂322,99120@qq.com,wkwk322,444`wk
王珂323,99121@qq.com,wkwk323,445`wk
王珂324,99122@qq.com,wkwk324,446`wk
王珂325,99123@qq.com,wkwk325,447`wk
王珂326,99124@qq.com,wkwk326,448`wk
王珂327,99125@qq.com,wkwk327,449`wk
王珂328,99126@qq.com,wkwk328,450`wk
王珂329,99127@qq.com,wkwk329,451`wk
王珂330,99128@qq.com,wkwk330,452`wk
王珂331,99129@qq.com,wkwk331,453`wk
王珂332,99130@qq.com,wkwk332,454`wk
王珂333,99131@qq.com,wkwk333,455`wk
王珂334,99132@qq.com,wkwk334,456`wk
王珂335,99133@qq.com,wkwk335,457`wk
王珂336,99134@qq.com,wkwk336,458`wk
王珂337,99135@qq.com,wkwk337,459`wk
王珂338,99136@qq.com,wkwk338,460`wk
王珂339,99137@qq.com,wkwk339,461`wk
王珂340,99138@qq.com,wkwk340,462`wk
王珂341,99139@qq.com,wkwk341,463`wk
王珂342,99140@qq.com,wkwk342,464`wk
王珂343,99141@qq.com,wkwk343,465`wk
王珂344,99142@qq.com,wkwk344,466`wk
王珂345,99143@qq.com,wkwk345,467`wk
王珂346,99144@qq.com,wkwk346,468`wk
王珂347,99145@qq.com,wkwk347,469`wk
王珂348,99146@qq.com,wkwk348,470`wk
王珂349,99147@qq.com,wkwk349,471`wk
王珂350,99148@qq.com,wkwk350,472`wk
王珂351,99149@qq.com,wkwk351,473`wk
王珂352,99150@qq.com,wkwk352,474`wk
王珂353,99151@qq.com,wkwk353,475`wk
王珂354,99152@qq.com,wkwk354,476`wk
王珂355,99153@qq.com,wkwk355,477`wk
王珂356,99154@qq.com,wkwk356,478`wk
王珂357,99155@qq.com,wkwk357,479`wk
王珂358,99156@qq.com,wkwk358,480`wk
王珂359,99157@qq.com,wkwk359,481`wk
王珂360,99158@qq.com,wkwk360,482`wk
王珂361,99159@qq.com,wkwk361,483`wk
王珂362,99160@qq.com,wkwk362,484`wk
王珂363,99161@qq.com,wkwk363,485`wk
王珂364,99162@qq.com,wkwk364,486`wk
王珂365,99163@qq.com,wkwk365,487`wk
王珂366,99164@qq.com,wkwk366,488`wk
王珂367,99165@qq.com,wkwk367,489`wk
王珂368,99166@qq.com,wkwk368,490`wk
王珂369,99167@qq.com,wkwk369,491`wk
王珂370,99168@qq.com,wkwk370,492`wk
王珂371,99169@qq.com,wkwk371,493`wk
王珂372,99170@qq.com,wkwk372,494`wk
王珂373,99171@qq.com,wkwk373,495`wk
王珂374,99172@qq.com,wkwk374,496`wk
王珂375,99173@qq.com,wkwk375,497`wk
王珂376,99174@qq.com,wkwk376,498`wk
王珂377,99175@qq.com,wkwk377,499`wk
王珂378,99176@qq.com,wkwk378,500`wk
王珂379,99177@qq.com,wkwk379,501`wk
王珂380,99178@qq.com,wkwk380,502`wk
王珂381,99179@qq.com,wkwk381,503`wk
王珂382,99180@qq.com,wkwk382,504`wk
王珂383,99181@qq.com,wkwk383,505`wk
王珂384,99182@qq.com,wkwk384,506`wk
王珂385,99183@qq.com,wkwk385,507`wk
王珂386,99184@qq.com,wkwk386,508`wk
王珂387,99185@qq.com,wkwk387,509`wk
王珂388,99186@qq.com,wkwk388,510`wk
王珂389,99187@qq.com,wkwk389,511`wk
王珂390,99188@qq.com,wkwk390,512`wk
王珂391,99189@qq.com,wkwk391,513`wk
王珂392,99190@qq.com,wkwk392,514`wk
王珂393,99191@qq.com,wkwk393,515`wk
王珂394,99192@qq.com,wkwk394,516`wk
王珂395,99193@qq.com,wkwk395,517`wk
王珂396,99194@qq.com,wkwk396,518`wk
王珂397,99195@qq.com,wkwk397,519`wk
王珂398,99196@qq.com,wkwk398,520`wk
王珂399,99197@qq.com,wkwk399,521`wk
王珂400,99198@qq.com,wkwk400,522`wk
王珂401,99199@qq.com,wkwk401,523`wk
王珂402,99200@qq.com,wkwk402,524`wk
王珂403,99201@qq.com,wkwk403,525`wk
王珂404,99202@qq.com,wkwk404,526`wk
王珂405,99203@qq.com,wkwk405,527`wk
王珂406,99204@qq.com,wkwk406,528`wk
王珂407,99205@qq.com,wkwk407,529`wk
王珂408,99206@qq.com,wkwk408,530`wk
王珂409,99207@qq.com,wkwk409,531`wk
王珂410,99208@qq.com,wkwk410,532`wk
王珂411,99209@qq.com,wkwk411,533`wk
王珂412,99210@qq.com,wkwk412,534`wk
王珂413,99211@qq.com,wkwk413,535`wk
王珂414,99212@qq.com,wkwk414,536`wk
王珂415,99213@qq.com,wkwk415,537`wk
王珂416,99214@qq.com,wkwk416,538`wk
王珂417,99215@qq.com,wkwk417,539`wk
王珂418,99216@qq.com,wkwk418,540`wk
王珂419,99217@qq.com,wkwk419,541`wk
王珂420,99218@qq.com,wkwk420,542`wk
王珂421,99219@qq.com,wkwk421,543`wk
王珂422,99220@qq.com,wkwk422,544`wk
王珂423,99221@qq.com,wkwk423,545`wk
王珂424,99222@qq.com,wkwk424,546`wk
王珂425,99223@qq.com,wkwk425,547`wk
王珂426,99224@qq.com,wkwk426,548`wk
王珂427,99225@qq.com,wkwk427,549`wk
王珂428,99226@qq.com,wkwk428,550`wk
王珂429,99227@qq.com,wkwk429,551`wk
王珂430,99228@qq.com,wkwk430,552`wk
王珂431,99229@qq.com,wkwk431,553`wk
王珂432,99230@qq.com,wkwk432,554`wk
王珂433,99231@qq.com,wkwk433,555`wk
王珂434,99232@qq.com,wkwk434,556`wk
王珂435,99233@qq.com,wkwk435,557`wk
王珂436,99234@qq.com,wkwk436,558`wk
王珂437,99235@qq.com,wkwk437,559`wk
王珂438,99236@qq.com,wkwk438,560`wk
王珂439,99237@qq.com,wkwk439,561`wk
王珂440,99238@qq.com,wkwk440,562`wk
王珂441,99239@qq.com,wkwk441,563`wk
王珂442,99240@qq.com,wkwk442,564`wk
王珂443,99241@qq.com,wkwk443,565`wk
王珂444,99242@qq.com,wkwk444,566`wk
王珂445,99243@qq.com,wkwk445,567`wk
王珂446,99244@qq.com,wkwk446,568`wk
王珂447,99245@qq.com,wkwk447,569`wk
王珂448,99246@qq.com,wkwk448,570`wk
王珂449,99247@qq.com,wkwk449,571`wk
王珂450,99248@qq.com,wkwk450,572`wk
王珂451,99249@qq.com,wkwk451,573`wk
王珂452,99250@qq.com,wkwk452,574`wk
王珂453,99251@qq.com,wkwk453,575`wk
王珂454,99252@qq.com,wkwk454,576`wk
王珂455,99253@qq.com,wkwk455,577`wk
王珂456,99254@qq.com,wkwk456,578`wk
王珂457,99255@qq.com,wkwk457,579`wk
王珂458,99256@qq.com,wkwk458,580`wk
王珂459,99257@qq.com,wkwk459,581`wk
王珂460,99258@qq.com,wkwk460,582`wk
王珂461,99259@qq.com,wkwk461,583`wk
王珂462,99260@qq.com,wkwk462,584`wk
王珂463,99261@qq.com,wkwk463,585`wk
王珂464,99262@qq.com,wkwk464,586`wk
王珂465,99263@qq.com,wkwk465,587`wk
王珂466,99264@qq.com,wkwk466,588`wk
王珂467,99265@qq.com,wkwk467,589`wk
王珂468,99266@qq.com,wkwk468,590`wk
王珂469,99267@qq.com,wkwk469,591`wk
王珂470,99268@qq.com,wkwk470,592`wk
王珂471,99269@qq.com,wkwk471,593`wk
王珂472,99270@qq.com,wkwk472,594`wk
王珂473,99271@qq.com,wkwk473,595`wk
王珂474,99272@qq.com,wkwk474,596`wk
王珂475,99273@qq.com,wkwk475,597`wk
王珂476,99274@qq.com,wkwk476,598`wk
王珂477,99275@qq.com,wkwk477,599`wk
王珂478,99276@qq.com,wkwk478,600`wk
王珂479,99277@qq.com,wkwk479,601`wk
王珂480,99278@qq.com,wkwk480,602`wk
王珂481,99279@qq.com,wkwk481,603`wk
王珂482,99280@qq.com,wkwk482,604`wk
王珂483,99281@qq.com,wkwk483,605`wk
王珂484,99282@qq.com,wkwk484,606`wk
王珂485,99283@qq.com,wkwk485,607`wk
王珂486,99284@qq.com,wkwk486,608`wk
王珂487,99285@qq.com,wkwk487,609`wk
王珂488,99286@qq.com,wkwk488,610`wk
王珂489,99287@qq.com,wkwk489,611`wk
王珂490,99288@qq.com,wkwk490,612`wk
王珂491,99289@qq.com,wkwk491,613`wk
王珂492,99290@qq.com,wkwk492,614`wk
王珂493,99291@qq.com,wkwk493,615`wk
王珂494,99292@qq.com,wkwk494,616`wk
王珂495,99293@qq.com,wkwk495,617`wk
王珂496,99294@qq.com,wkwk496,618`wk
王珂497,99295@qq.com,wkwk497,619`wk
王珂498,99296@qq.com,wkwk498,620`wk
王珂499,99297@qq.com,wkwk499,621`wk
王珂500,99298@qq.com,wkwk500,622`wk
王珂501,99299@qq.com,wkwk501,623`wk
王珂502,99300@qq.com,wkwk502,624`wk
王珂503,99301@qq.com,wkwk503,625`wk
王珂504,99302@qq.com,wkwk504,626`wk
王珂505,99303@qq.com,wkwk505,627`wk
王珂506,99304@qq.com,wkwk506,628`wk
王珂507,99305@qq.com,wkwk507,629`wk
王珂508,99306@qq.com,wkwk508,630`wk
王珂509,99307@qq.com,wkwk509,631`wk
王珂510,99308@qq.com,wkwk510,632`wk
王珂511,99309@qq.com,wkwk511,633`wk
王珂512,99310@qq.com,wkwk512,634`wk
王珂513,99311@qq.com,wkwk513,635`wk
王珂514,99312@qq.com,wkwk514,636`wk
王珂515,99313@qq.com,wkwk515,637`wk
王珂516,99314@qq.com,wkwk516,638`wk
王珂517,99315@qq.com,wkwk517,639`wk
王珂518,99316@qq.com,wkwk518,640`wk
王珂519,99317@qq.com,wkwk519,641`wk
王珂520,99318@qq.com,wkwk520,642`wk
王珂521,99319@qq.com,wkwk521,643`wk
王珂522,99320@qq.com,wkwk522,644`wk
王珂523,99321@qq.com,wkwk523,645`wk
王珂524,99322@qq.com,wkwk524,646`wk
王珂525,99323@qq.com,wkwk525,647`wk
王珂526,99324@qq.com,wkwk526,648`wk
王珂527,99325@qq.com,wkwk527,649`wk
王珂528,99326@qq.com,wkwk528,650`wk
王珂529,99327@qq.com,wkwk529,651`wk
王珂530,99328@qq.com,wkwk530,652`wk
王珂531,99329@qq.com,wkwk531,653`wk
王珂532,99330@qq.com,wkwk532,654`wk
王珂533,99331@qq.com,wkwk533,655`wk
王珂534,99332@qq.com,wkwk534,656`wk
王珂535,99333@qq.com,wkwk535,657`wk
王珂536,99334@qq.com,wkwk536,658`wk
王珂537,99335@qq.com,wkwk537,659`wk
王珂538,99336@qq.com,wkwk538,660`wk
王珂539,99337@qq.com,wkwk539,661`wk
王珂540,99338@qq.com,wkwk540,662`wk
王珂541,99339@qq.com,wkwk541,663`wk
王珂542,99340@qq.com,wkwk542,664`wk
王珂543,99341@qq.com,wkwk543,665`wk
王珂544,99342@qq.com,wkwk544,666`wk
王珂545,99343@qq.com,wkwk545,667`wk
王珂546,99344@qq.com,wkwk546,668`wk
王珂547,99345@qq.com,wkwk547,669`wk
王珂548,99346@qq.com,wkwk548,670`wk
王珂549,99347@qq.com,wkwk549,671`wk
王珂550,99348@qq.com,wkwk550,672`wk
王珂551,99349@qq.com,wkwk551,673`wk
王珂552,99350@qq.com,wkwk552,674`wk
王珂553,99351@qq.com,wkwk553,675`wk
王珂554,99352@qq.com,wkwk554,676`wk
王珂555,99353@qq.com,wkwk555,677`wk
王珂556,99354@qq.com,wkwk556,678`wk
王珂557,99355@qq.com,wkwk557,679`wk
王珂558,99356@qq.com,wkwk558,680`wk
王珂559,99357@qq.com,wkwk559,681`wk
王珂560,99358@qq.com,wkwk560,682`wk
王珂561,99359@qq.com,wkwk561,683`wk
王珂562,99360@qq.com,wkwk562,684`wk
王珂563,99361@qq.com,wkwk563,685`wk
王珂564,99362@qq.com,wkwk564,686`wk
王珂565,99363@qq.com,wkwk565,687`wk
王珂566,99364@qq.com,wkwk566,688`wk
王珂567,99365@qq.com,wkwk567,689`wk
王珂568,99366@qq.com,wkwk568,690`wk
王珂569,99367@qq.com,wkwk569,691`wk
王珂570,99368@qq.com,wkwk570,692`wk
王珂571,99369@qq.com,wkwk571,693`wk
王珂572,99370@qq.com,wkwk572,694`wk
王珂573,99371@qq.com,wkwk573,695`wk
王珂574,99372@qq.com,wkwk574,696`wk
王珂575,99373@qq.com,wkwk575,697`wk
王珂576,99374@qq.com,wkwk576,698`wk
王珂577,99375@qq.com,wkwk577,699`wk
王珂578,99376@qq.com,wkwk578,700`wk
王珂579,99377@qq.com,wkwk579,701`wk
王珂580,99378@qq.com,wkwk580,702`wk
王珂581,99379@qq.com,wkwk581,703`wk
王珂582,99380@qq.com,wkwk582,704`wk
王珂583,99381@qq.com,wkwk583,705`wk
王珂584,99382@qq.com,wkwk584,706`wk
王珂585,99383@qq.com,wkwk585,707`wk
王珂586,99384@qq.com,wkwk586,708`wk
王珂587,99385@qq.com,wkwk587,709`wk
王珂588,99386@qq.com,wkwk588,710`wk
王珂589,99387@qq.com,wkwk589,711`wk
王珂590,99388@qq.com,wkwk590,712`wk
王珂591,99389@qq.com,wkwk591,713`wk
王珂592,99390@qq.com,wkwk592,714`wk
王珂593,99391@qq.com,wkwk593,715`wk
王珂594,99392@qq.com,wkwk594,716`wk
王珂595,99393@qq.com,wkwk595,717`wk
王珂596,99394@qq.com,wkwk596,718`wk
王珂597,99395@qq.com,wkwk597,719`wk
王珂598,99396@qq.com,wkwk598,720`wk
王珂599,99397@qq.com,wkwk599,721`wk
王珂600,99398@qq.com,wkwk600,722`wk
王珂601,99399@qq.com,wkwk601,723`wk
王珂602,99400@qq.com,wkwk602,724`wk
王珂603,99401@qq.com,wkwk603,725`wk
王珂604,99402@qq.com,wkwk604,726`wk
王珂605,99403@qq.com,wkwk605,727`wk
王珂606,99404@qq.com,wkwk606,728`wk
王珂607,99405@qq.com,wkwk607,729`wk
王珂608,99406@qq.com,wkwk608,730`wk
王珂609,99407@qq.com,wkwk609,731`wk
王珂610,99408@qq.com,wkwk610,732`wk
王珂611,99409@qq.com,wkwk611,733`wk
王珂612,99410@qq.com,wkwk612,734`wk
王珂613,99411@qq.com,wkwk613,735`wk
王珂614,99412@qq.com,wkwk614,736`wk
王珂615,99413@qq.com,wkwk615,737`wk
王珂616,99414@qq.com,wkwk616,738`wk
王珂617,99415@qq.com,wkwk617,739`wk
王珂618,99416@qq.com,wkwk618,740`wk
王珂619,99417@qq.com,wkwk619,741`wk
王珂620,99418@qq.com,wkwk620,742`wk
王珂621,99419@qq.com,wkwk621,743`wk
王珂622,99420@qq.com,wkwk622,744`wk
王珂623,99421@qq.com,wkwk623,745`wk
王珂624,99422@qq.com,wkwk624,746`wk
王珂625,99423@qq.com,wkwk625,747`wk
王珂626,99424@qq.com,wkwk626,748`wk
王珂627,99425@qq.com,wkwk627,749`wk
王珂628,99426@qq.com,wkwk628,750`wk
王珂629,99427@qq.com,wkwk629,751`wk
王珂630,99428@qq.com,wkwk630,752`wk
王珂631,99429@qq.com,wkwk631,753`wk
王珂632,99430@qq.com,wkwk632,754`wk
王珂633,99431@qq.com,wkwk633,755`wk
王珂634,99432@qq.com,wkwk634,756`wk
王珂635,99433@qq.com,wkwk635,757`wk
王珂636,99434@qq.com,wkwk636,758`wk
王珂637,99435@qq.com,wkwk637,759`wk
王珂638,99436@qq.com,wkwk638,760`wk
王珂639,99437@qq.com,wkwk639,761`wk
王珂640,99438@qq.com,wkwk640,762`wk
王珂641,99439@qq.com,wkwk641,763`wk
王珂642,99440@qq.com,wkwk642,764`wk
王珂643,99441@qq.com,wkwk643,765`wk
王珂644,99442@qq.com,wkwk644,766`wk
王珂645,99443@qq.com,wkwk645,767`wk
王珂646,99444@qq.com,wkwk646,768`wk
王珂647,99445@qq.com,wkwk647,769`wk
王珂648,99446@qq.com,wkwk648,770`wk
王珂649,99447@qq.com,wkwk649,771`wk
王珂650,99448@qq.com,wkwk650,772`wk
王珂651,99449@qq.com,wkwk651,773`wk
王珂652,99450@qq.com,wkwk652,774`wk
王珂653,99451@qq.com,wkwk653,775`wk
王珂654,99452@qq.com,wkwk654,776`wk
王珂655,99453@qq.com,wkwk655,777`wk
王珂656,99454@qq.com,wkwk656,778`wk
王珂657,99455@qq.com,wkwk657,779`wk
王珂658,99456@qq.com,wkwk658,780`wk
王珂659,99457@qq.com,wkwk659,781`wk
王珂660,99458@qq.com,wkwk660,782`wk
王珂661,99459@qq.com,wkwk661,783`wk
王珂662,99460@qq.com,wkwk662,784`wk
王珂663,99461@qq.com,wkwk663,785`wk
王珂664,99462@qq.com,wkwk664,786`wk
王珂665,99463@qq.com,wkwk665,787`wk
王珂666,99464@qq.com,wkwk666,788`wk
王珂667,99465@qq.com,wkwk667,789`wk
王珂668,99466@qq.com,wkwk668,790`wk
王珂669,99467@qq.com,wkwk669,791`wk
王珂670,99468@qq.com,wkwk670,792`wk
王珂671,99469@qq.com,wkwk671,793`wk
王珂672,99470@qq.com,wkwk672,794`wk
王珂673,99471@qq.com,wkwk673,795`wk
王珂674,99472@qq.com,wkwk674,796`wk
王珂675,99473@qq.com,wkwk675,797`wk
王珂676,99474@qq.com,wkwk676,798`wk
王珂677,99475@qq.com,wkwk677,799`wk
王珂678,99476@qq.com,wkwk678,800`wk
王珂679,99477@qq.com,wkwk679,801`wk
王珂680,99478@qq.com,wkwk680,802`wk
王珂681,99479@qq.com,wkwk681,803`wk
王珂682,99480@qq.com,wkwk682,804`wk
王珂683,99481@qq.com,wkwk683,805`wk
王珂684,99482@qq.com,wkwk684,806`wk
王珂685,99483@qq.com,wkwk685,807`wk
王珂686,99484@qq.com,wkwk686,808`wk
王珂687,99485@qq.com,wkwk687,809`wk
王珂688,99486@qq.com,wkwk688,810`wk
王珂689,99487@qq.com,wkwk689,811`wk
王珂690,99488@qq.com,wkwk690,812`wk
王珂691,99489@qq.com,wkwk691,813`wk
王珂692,99490@qq.com,wkwk692,814`wk
王珂693,99491@qq.com,wkwk693,815`wk
王珂694,99492@qq.com,wkwk694,816`wk
王珂695,99493@qq.com,wkwk695,817`wk
王珂696,99494@qq.com,wkwk696,818`wk
王珂697,99495@qq.com,wkwk697,819`wk
王珂698,99496@qq.com,wkwk698,820`wk
王珂699,99497@qq.com,wkwk699,821`wk
王珂700,99498@qq.com,wkwk700,822`wk
王珂701,99499@qq.com,wkwk701,823`wk
王珂702,99500@qq.com,wkwk702,824`wk
王珂703,99501@qq.com,wkwk703,825`wk
王珂704,99502@qq.com,wkwk704,826`wk
王珂705,99503@qq.com,wkwk705,827`wk
王珂706,99504@qq.com,wkwk706,828`wk
王珂707,99505@qq.com,wkwk707,829`wk
王珂708,99506@qq.com,wkwk708,830`wk
王珂709,99507@qq.com,wkwk709,831`wk
王珂710,99508@qq.com,wkwk710,832`wk
王珂711,99509@qq.com,wkwk711,833`wk
王珂712,99510@qq.com,wkwk712,834`wk
王珂713,99511@qq.com,wkwk713,835`wk
王珂714,99512@qq.com,wkwk714,836`wk
王珂715,99513@qq.com,wkwk715,837`wk
王珂716,99514@qq.com,wkwk716,838`wk
王珂717,99515@qq.com,wkwk717,839`wk
王珂718,99516@qq.com,wkwk718,840`wk
王珂719,99517@qq.com,wkwk719,841`wk
王珂720,99518@qq.com,wkwk720,842`wk
王珂721,99519@qq.com,wkwk721,843`wk
王珂722,99520@qq.com,wkwk722,844`wk
王珂723,99521@qq.com,wkwk723,845`wk
王珂724,99522@qq.com,wkwk724,846`wk
王珂725,99523@qq.com,wkwk725,847`wk
王珂726,99524@qq.com,wkwk726,848`wk
王珂727,99525@qq.com,wkwk727,849`wk
王珂728,99526@qq.com,wkwk728,850`wk
王珂729,99527@qq.com,wkwk729,851`wk
王珂730,99528@qq.com,wkwk730,852`wk
王珂731,99529@qq.com,wkwk731,853`wk
王珂732,99530@qq.com,wkwk732,854`wk
王珂733,99531@qq.com,wkwk733,855`wk
王珂734,99532@qq.com,wkwk734,856`wk
王珂735,99533@qq.com,wkwk735,857`wk
王珂736,99534@qq.com,wkwk736,858`wk
王珂737,99535@qq.com,wkwk737,859`wk
王珂738,99536@qq.com,wkwk738,860`wk
王珂739,99537@qq.com,wkwk739,861`wk
王珂740,99538@qq.com,wkwk740,862`wk
王珂741,99539@qq.com,wkwk741,863`wk
王珂742,99540@qq.com,wkwk742,864`wk
王珂743,99541@qq.com,wkwk743,865`wk
王珂744,99542@qq.com,wkwk744,866`wk
王珂745,99543@qq.com,wkwk745,867`wk
王珂746,99544@qq.com,wkwk746,868`wk
王珂747,99545@qq.com,wkwk747,869`wk
王珂748,99546@qq.com,wkwk748,870`wk
王珂749,99547@qq.com,wkwk749,871`wk
王珂750,99548@qq.com,wkwk750,872`wk
王珂751,99549@qq.com,wkwk751,873`wk
王珂752,99550@qq.com,wkwk752,874`wk
王珂753,99551@qq.com,wkwk753,875`wk
王珂754,99552@qq.com,wkwk754,876`wk
王珂755,99553@qq.com,wkwk755,877`wk
王珂756,99554@qq.com,wkwk756,878`wk
王珂757,99555@qq.com,wkwk757,879`wk
王珂758,99556@qq.com,wkwk758,880`wk
王珂759,99557@qq.com,wkwk759,881`wk
王珂760,99558@qq.com,wkwk760,882`wk
王珂761,99559@qq.com,wkwk761,883`wk
王珂762,99560@qq.com,wkwk762,884`wk
王珂763,99561@qq.com,wkwk763,885`wk
王珂764,99562@qq.com,wkwk764,886`wk
王珂765,99563@qq.com,wkwk765,887`wk
王珂766,99564@qq.com,wkwk766,888`wk
王珂767,99565@qq.com,wkwk767,889`wk
王珂768,99566@qq.com,wkwk768,890`wk
王珂769,99567@qq.com,wkwk769,891`wk
王珂770,99568@qq.com,wkwk770,892`wk
王珂771,99569@qq.com,wkwk771,893`wk
王珂772,99570@qq.com,wkwk772,894`wk
王珂773,99571@qq.com,wkwk773,895`wk
王珂774,99572@qq.com,wkwk774,896`wk
王珂775,99573@qq.com,wkwk775,897`wk
王珂776,99574@qq.com,wkwk776,898`wk
王珂777,99575@qq.com,wkwk777,899`wk
王珂778,99576@qq.com,wkwk778,900`wk
王珂779,99577@qq.com,wkwk779,901`wk
王珂780,99578@qq.com,wkwk780,902`wk
王珂781,99579@qq.com,wkwk781,903`wk
王珂782,99580@qq.com,wkwk782,904`wk
王珂783,99581@qq.com,wkwk783,905`wk
王珂784,99582@qq.com,wkwk784,906`wk
王珂785,99583@qq.com,wkwk785,907`wk
王珂786,99584@qq.com,wkwk786,908`wk
王珂787,99585@qq.com,wkwk787,909`wk
王珂788,99586@qq.com,wkwk788,910`wk
王珂789,99587@qq.com,wkwk789,911`wk
王珂790,99588@qq.com,wkwk790,912`wk
王珂791,99589@qq.com,wkwk791,913`wk
王珂792,99590@qq.com,wkwk792,914`wk
王珂793,99591@qq.com,wkwk793,915`wk
王珂794,99592@qq.com,wkwk794,916`wk
王珂795,99593@qq.com,wkwk795,917`wk
王珂796,99594@qq.com,wkwk796,918`wk
王珂797,99595@qq.com,wkwk797,919`wk
王珂798,99596@qq.com,wkwk798,920`wk
王珂799,99597@qq.com,wkwk799,921`wk
王珂800,99598@qq.com,wkwk800,922`wk
王珂801,99599@qq.com,wkwk801,923`wk
王珂802,99600@qq.com,wkwk802,924`wk
王珂803,99601@qq.com,wkwk803,925`wk
王珂804,99602@qq.com,wkwk804,926`wk
王珂805,99603@qq.com,wkwk805,927`wk
王珂806,99604@qq.com,wkwk806,928`wk
王珂807,99605@qq.com,wkwk807,929`wk
王珂808,99606@qq.com,wkwk808,930`wk
王珂809,99607@qq.com,wkwk809,931`wk
王珂810,99608@qq.com,wkwk810,932`wk
王珂811,99609@qq.com,wkwk811,933`wk
王珂812,99610@qq.com,wkwk812,934`wk
王珂813,99611@qq.com,wkwk813,935`wk
王珂814,99612@qq.com,wkwk814,936`wk
王珂815,99613@qq.com,wkwk815,937`wk
王珂816,99614@qq.com,wkwk816,938`wk
王珂817,99615@qq.com,wkwk817,939`wk
王珂818,99616@qq.com,wkwk818,940`wk
王珂819,99617@qq.com,wkwk819,941`wk
王珂820,99618@qq.com,wkwk820,942`wk
王珂821,99619@qq.com,wkwk821,943`wk
王珂822,99620@qq.com,wkwk822,944`wk
王珂823,99621@qq.com,wkwk823,945`wk
王珂824,99622@qq.com,wkwk824,946`wk
王珂825,99623@qq.com,wkwk825,947`wk
王珂826,99624@qq.com,wkwk826,948`wk
王珂827,99625@qq.com,wkwk827,949`wk
王珂828,99626@qq.com,wkwk828,950`wk
王珂829,99627@qq.com,wkwk829,951`wk
王珂830,99628@qq.com,wkwk830,952`wk
王珂831,99629@qq.com,wkwk831,953`wk
王珂832,99630@qq.com,wkwk832,954`wk
王珂833,99631@qq.com,wkwk833,955`wk
王珂834,99632@qq.com,wkwk834,956`wk
王珂835,99633@qq.com,wkwk835,957`wk
王珂836,99634@qq.com,wkwk836,958`wk
王珂837,99635@qq.com,wkwk837,959`wk
王珂838,99636@qq.com,wkwk838,960`wk
王珂839,99637@qq.com,wkwk839,961`wk
王珂840,99638@qq.com,wkwk840,962`wk
王珂841,99639@qq.com,wkwk841,963`wk
王珂842,99640@qq.com,wkwk842,964`wk
王珂843,99641@qq.com,wkwk843,965`wk
王珂844,99642@qq.com,wkwk844,966`wk
王珂845,99643@qq.com,wkwk845,967`wk
王珂846,99644@qq.com,wkwk846,968`wk
王珂847,99645@qq.com,wkwk847,969`wk
王珂848,99646@qq.com,wkwk848,970`wk
王珂849,99647@qq.com,wkwk849,971`wk
王珂850,99648@qq.com,wkwk850,972`wk
王珂851,99649@qq.com,wkwk851,973`wk
王珂852,99650@qq.com,wkwk852,974`wk
王珂853,99651@qq.com,wkwk853,975`wk
王珂854,99652@qq.com,wkwk854,976`wk
王珂855,99653@qq.com,wkwk855,977`wk
王珂856,99654@qq.com,wkwk856,978`wk
王珂857,99655@qq.com,wkwk857,979`wk
王珂858,99656@qq.com,wkwk858,980`wk
王珂859,99657@qq.com,wkwk859,981`wk
王珂860,99658@qq.com,wkwk860,982`wk
王珂861,99659@qq.com,wkwk861,983`wk
王珂862,99660@qq.com,wkwk862,984`wk
王珂863,99661@qq.com,wkwk863,985`wk
王珂864,99662@qq.com,wkwk864,986`wk
王珂865,99663@qq.com,wkwk865,987`wk
王珂866,99664@qq.com,wkwk866,988`wk
王珂867,99665@qq.com,wkwk867,989`wk
王珂868,99666@qq.com,wkwk868,990`wk
王珂869,99667@qq.com,wkwk869,991`wk
王珂870,99668@qq.com,wkwk870,992`wk
王珂871,99669@qq.com,wkwk871,993`wk
王珂872,99670@qq.com,wkwk872,994`wk
王珂873,99671@qq.com,wkwk873,995`wk
王珂874,99672@qq.com,wkwk874,996`wk
王珂875,99673@qq.com,wkwk875,997`wk
王珂876,99674@qq.com,wkwk876,998`wk
王珂877,99675@qq.com,wkwk877,999`wk
王珂878,99676@qq.com,wkwk878,1000`wk
王珂879,99677@qq.com,wkwk879,1001`wk
王珂880,99678@qq.com,wkwk880,1002`wk
王珂881,99679@qq.com,wkwk881,1003`wk
王珂882,99680@qq.com,wkwk882,1004`wk
王珂883,99681@qq.com,wkwk883,1005`wk
王珂884,99682@qq.com,wkwk884,1006`wk
王珂885,99683@qq.com,wkwk885,1007`wk
王珂886,99684@qq.com,wkwk886,1008`wk
王珂887,99685@qq.com,wkwk887,1009`wk
王珂888,99686@qq.com,wkwk888,1010`wk
王珂889,99687@qq.com,wkwk889,1011`wk
王珂890,99688@qq.com,wkwk890,1012`wk
王珂891,99689@qq.com,wkwk891,1013`wk
王珂892,99690@qq.com,wkwk892,1014`wk
王珂893,99691@qq.com,wkwk893,1015`wk
王珂894,99692@qq.com,wkwk894,1016`wk
王珂895,99693@qq.com,wkwk895,1017`wk
王珂896,99694@qq.com,wkwk896,1018`wk
王珂897,99695@qq.com,wkwk897,1019`wk
王珂898,99696@qq.com,wkwk898,1020`wk
王珂899,99697@qq.com,wkwk899,1021`wk
王珂900,99698@qq.com,wkwk900,1022`wk
王珂901,99699@qq.com,wkwk901,1023`wk
王珂902,99700@qq.com,wkwk902,1024`wk
王珂903,99701@qq.com,wkwk903,1025`wk
王珂904,99702@qq.com,wkwk904,1026`wk
王珂905,99703@qq.com,wkwk905,1027`wk
王珂906,99704@qq.com,wkwk906,1028`wk
王珂907,99705@qq.com,wkwk907,1029`wk
王珂908,99706@qq.com,wkwk908,1030`wk
王珂909,99707@qq.com,wkwk909,1031`wk
王珂910,99708@qq.com,wkwk910,1032`wk
王珂911,99709@qq.com,wkwk911,1033`wk
王珂912,99710@qq.com,wkwk912,1034`wk
王珂913,99711@qq.com,wkwk913,1035`wk
王珂914,99712@qq.com,wkwk914,1036`wk
王珂915,99713@qq.com,wkwk915,1037`wk
王珂916,99714@qq.com,wkwk916,1038`wk
王珂917,99715@qq.com,wkwk917,1039`wk
王珂918,99716@qq.com,wkwk918,1040`wk
王珂919,99717@qq.com,wkwk919,1041`wk
王珂920,99718@qq.com,wkwk920,1042`wk
王珂921,99719@qq.com,wkwk921,1043`wk
王珂922,99720@qq.com,wkwk922,1044`wk
王珂923,99721@qq.com,wkwk923,1045`wk
王珂924,99722@qq.com,wkwk924,1046`wk
王珂925,99723@qq.com,wkwk925,1047`wk
王珂926,99724@qq.com,wkwk926,1048`wk
王珂927,99725@qq.com,wkwk927,1049`wk
王珂928,99726@qq.com,wkwk928,1050`wk
王珂929,99727@qq.com,wkwk929,1051`wk
王珂930,99728@qq.com,wkwk930,1052`wk
王珂931,99729@qq.com,wkwk931,1053`wk
王珂932,99730@qq.com,wkwk932,1054`wk
王珂933,99731@qq.com,wkwk933,1055`wk
王珂934,99732@qq.com,wkwk934,1056`wk
王珂935,99733@qq.com,wkwk935,1057`wk
王珂936,99734@qq.com,wkwk936,1058`wk
王珂937,99735@qq.com,wkwk937,1059`wk
王珂938,99736@qq.com,wkwk938,1060`wk
王珂939,99737@qq.com,wkwk939,1061`wk
王珂940,99738@qq.com,wkwk940,1062`wk
王珂941,99739@qq.com,wkwk941,1063`wk
王珂942,99740@qq.com,wkwk942,1064`wk
王珂943,99741@qq.com,wkwk943,1065`wk
王珂944,99742@qq.com,wkwk944,1066`wk
王珂945,99743@qq.com,wkwk945,1067`wk
王珂946,99744@qq.com,wkwk946,1068`wk
王珂947,99745@qq.com,wkwk947,1069`wk
王珂948,99746@qq.com,wkwk948,1070`wk
王珂949,99747@qq.com,wkwk949,1071`wk
王珂950,99748@qq.com,wkwk950,1072`wk
王珂951,99749@qq.com,wkwk951,1073`wk
王珂952,99750@qq.com,wkwk952,1074`wk
王珂953,99751@qq.com,wkwk953,1075`wk
王珂954,99752@qq.com,wkwk954,1076`wk
王珂955,99753@qq.com,wkwk955,1077`wk
王珂956,99754@qq.com,wkwk956,1078`wk
王珂957,99755@qq.com,wkwk957,1079`wk
王珂958,99756@qq.com,wkwk958,1080`wk
王珂959,99757@qq.com,wkwk959,1081`wk
王珂960,99758@qq.com,wkwk960,1082`wk
王珂961,99759@qq.com,wkwk961,1083`wk
王珂962,99760@qq.com,wkwk962,1084`wk
王珂963,99761@qq.com,wkwk963,1085`wk
王珂964,99762@qq.com,wkwk964,1086`wk
王珂965,99763@qq.com,wkwk965,1087`wk
王珂966,99764@qq.com,wkwk966,1088`wk
王珂967,99765@qq.com,wkwk967,1089`wk
王珂968,99766@qq.com,wkwk968,1090`wk
王珂969,99767@qq.com,wkwk969,1091`wk
王珂970,99768@qq.com,wkwk970,1092`wk
王珂971,99769@qq.com,wkwk971,1093`wk
王珂972,99770@qq.com,wkwk972,1094`wk
王珂973,99771@qq.com,wkwk973,1095`wk
王珂974,99772@qq.com,wkwk974,1096`wk
王珂975,99773@qq.com,wkwk975,1097`wk
王珂976,99774@qq.com,wkwk976,1098`wk
王珂977,99775@qq.com,wkwk977,1099`wk
王珂978,99776@qq.com,wkwk978,1100`wk
王珂979,99777@qq.com,wkwk979,1101`wk
王珂980,99778@qq.com,wkwk980,1102`wk
王珂981,99779@qq.com,wkwk981,1103`wk
王珂982,99780@qq.com,wkwk982,1104`wk
王珂983,99781@qq.com,wkwk983,1105`wk
王珂984,99782@qq.com,wkwk984,1106`wk
王珂985,99783@qq.com,wkwk985,1107`wk
王珂986,99784@qq.com,wkwk986,1108`wk
王珂987,99785@qq.com,wkwk987,1109`wk
王珂988,99786@qq.com,wkwk988,1110`wk
王珂989,99787@qq.com,wkwk989,1111`wk
王珂990,99788@qq.com,wkwk990,1112`wk
王珂991,99789@qq.com,wkwk991,1113`wk
王珂992,99790@qq.com,wkwk992,1114`wk
王珂993,99791@qq.com,wkwk993,1115`wk
王珂994,99792@qq.com,wkwk994,1116`wk
王珂995,99793@qq.com,wkwk995,1117`wk
王珂996,99794@qq.com,wkwk996,1118`wk
王珂997,99795@qq.com,wkwk997,1119`wk
王珂998,99796@qq.com,wkwk998,1120`wk
王珂999,99797@qq.com,wkwk999,1121`wk
王珂1000,99798@qq.com,wkwk1000,1122`wk
