测试一下1,用户组1
测试一下2,用户组2
测试一下3,用户组3
测试一下4,用户组4
测试一下5,用户组5
测试一下6,用户组6
测试一下7,用户组7
测试一下8,用户组8
测试一下9,用户组9
测试一下10,用户组10
测试一下11,用户组11
测试一下12,用户组12
测试一下13,用户组13
测试一下14,用户组14
测试一下15,用户组15
测试一下16,用户组16
测试一下17,用户组17
测试一下18,用户组18
测试一下19,用户组19
测试一下20,用户组20
测试一下21,用户组21
测试一下22,用户组22
测试一下23,用户组23
测试一下24,用户组24
测试一下25,用户组25
测试一下26,用户组26
测试一下27,用户组27
测试一下28,用户组28
测试一下29,用户组29
测试一下30,用户组30
测试一下31,用户组31
测试一下32,用户组32
测试一下33,用户组33
测试一下34,用户组34
测试一下35,用户组35
测试一下36,用户组36
测试一下37,用户组37
测试一下38,用户组38
测试一下39,用户组39
测试一下40,用户组40
测试一下41,用户组41
测试一下42,用户组42
测试一下43,用户组43
测试一下44,用户组44
测试一下45,用户组45
测试一下46,用户组46
测试一下47,用户组47
测试一下48,用户组48
测试一下49,用户组49
测试一下50,用户组50
测试一下51,用户组51
测试一下52,用户组52
测试一下53,用户组53
测试一下54,用户组54
测试一下55,用户组55
测试一下56,用户组56
测试一下57,用户组57
测试一下58,用户组58
测试一下59,用户组59
测试一下60,用户组60
测试一下61,用户组61
测试一下62,用户组62
测试一下63,用户组63
测试一下64,用户组64
测试一下65,用户组65
测试一下66,用户组66
测试一下67,用户组67
测试一下68,用户组68
测试一下69,用户组69
测试一下70,用户组70
测试一下71,用户组71
测试一下72,用户组72
测试一下73,用户组73
测试一下74,用户组74
测试一下75,用户组75
测试一下76,用户组76
测试一下77,用户组77
测试一下78,用户组78
测试一下79,用户组79
测试一下80,用户组80
测试一下81,用户组81
测试一下82,用户组82
测试一下83,用户组83
测试一下84,用户组84
测试一下85,用户组85
测试一下86,用户组86
测试一下87,用户组87
测试一下88,用户组88
测试一下89,用户组89
测试一下90,用户组90
测试一下91,用户组91
测试一下92,用户组92
测试一下93,用户组93
测试一下94,用户组94
测试一下95,用户组95
测试一下96,用户组96
测试一下97,用户组97
测试一下98,用户组98
测试一下99,用户组99
测试一下100,用户组100
测试一下101,用户组101
测试一下102,用户组102
测试一下103,用户组103
测试一下104,用户组104
测试一下105,用户组105
测试一下106,用户组106
测试一下107,用户组107
测试一下108,用户组108
测试一下109,用户组109
测试一下110,用户组110
测试一下111,用户组111
测试一下112,用户组112
测试一下113,用户组113
测试一下114,用户组114
测试一下115,用户组115
测试一下116,用户组116
测试一下117,用户组117
测试一下118,用户组118
测试一下119,用户组119
测试一下120,用户组120
测试一下121,用户组121
测试一下122,用户组122
测试一下123,用户组123
测试一下124,用户组124
测试一下125,用户组125
测试一下126,用户组126
测试一下127,用户组127
测试一下128,用户组128
测试一下129,用户组129
测试一下130,用户组130
测试一下131,用户组131
测试一下132,用户组132
测试一下133,用户组133
测试一下134,用户组134
测试一下135,用户组135
测试一下136,用户组136
测试一下137,用户组137
测试一下138,用户组138
测试一下139,用户组139
测试一下140,用户组140
测试一下141,用户组141
测试一下142,用户组142
测试一下143,用户组143
测试一下144,用户组144
测试一下145,用户组145
测试一下146,用户组146
测试一下147,用户组147
测试一下148,用户组148
测试一下149,用户组149
测试一下150,用户组150
测试一下151,用户组151
测试一下152,用户组152
测试一下153,用户组153
测试一下154,用户组154
测试一下155,用户组155
测试一下156,用户组156
测试一下157,用户组157
测试一下158,用户组158
测试一下159,用户组159
测试一下160,用户组160
测试一下161,用户组161
测试一下162,用户组162
测试一下163,用户组163
测试一下164,用户组164
测试一下165,用户组165
测试一下166,用户组166
测试一下167,用户组167
测试一下168,用户组168
测试一下169,用户组169
测试一下170,用户组170
测试一下171,用户组171
测试一下172,用户组172
测试一下173,用户组173
测试一下174,用户组174
测试一下175,用户组175
测试一下176,用户组176
测试一下177,用户组177
测试一下178,用户组178
测试一下179,用户组179
测试一下180,用户组180
测试一下181,用户组181
测试一下182,用户组182
测试一下183,用户组183
测试一下184,用户组184
测试一下185,用户组185
测试一下186,用户组186
测试一下187,用户组187
测试一下188,用户组188
测试一下189,用户组189
测试一下190,用户组190
测试一下191,用户组191
测试一下192,用户组192
测试一下193,用户组193
测试一下194,用户组194
测试一下195,用户组195
测试一下196,用户组196
测试一下197,用户组197
测试一下198,用户组198
测试一下199,用户组199
测试一下200,用户组200
测试一下201,用户组201
测试一下202,用户组202
测试一下203,用户组203
测试一下204,用户组204
测试一下205,用户组205
测试一下206,用户组206
测试一下207,用户组207
测试一下208,用户组208
测试一下209,用户组209
测试一下210,用户组210
测试一下211,用户组211
测试一下212,用户组212
测试一下213,用户组213
测试一下214,用户组214
测试一下215,用户组215
测试一下216,用户组216
测试一下217,用户组217
测试一下218,用户组218
测试一下219,用户组219
测试一下220,用户组220
测试一下221,用户组221
测试一下222,用户组222
测试一下223,用户组223
测试一下224,用户组224
测试一下225,用户组225
测试一下226,用户组226
测试一下227,用户组227
测试一下228,用户组228
测试一下229,用户组229
测试一下230,用户组230
测试一下231,用户组231
测试一下232,用户组232
测试一下233,用户组233
测试一下234,用户组234
测试一下235,用户组235
测试一下236,用户组236
测试一下237,用户组237
测试一下238,用户组238
测试一下239,用户组239
测试一下240,用户组240
测试一下241,用户组241
测试一下242,用户组242
测试一下243,用户组243
测试一下244,用户组244
测试一下245,用户组245
测试一下246,用户组246
测试一下247,用户组247
测试一下248,用户组248
测试一下249,用户组249
测试一下250,用户组250
测试一下251,用户组251
测试一下252,用户组252
测试一下253,用户组253
测试一下254,用户组254
测试一下255,用户组255
测试一下256,用户组256
测试一下257,用户组257
测试一下258,用户组258
测试一下259,用户组259
测试一下260,用户组260
测试一下261,用户组261
测试一下262,用户组262
测试一下263,用户组263
测试一下264,用户组264
测试一下265,用户组265
测试一下266,用户组266
测试一下267,用户组267
测试一下268,用户组268
测试一下269,用户组269
测试一下270,用户组270
测试一下271,用户组271
测试一下272,用户组272
测试一下273,用户组273
测试一下274,用户组274
测试一下275,用户组275
测试一下276,用户组276
测试一下277,用户组277
测试一下278,用户组278
测试一下279,用户组279
测试一下280,用户组280
测试一下281,用户组281
测试一下282,用户组282
测试一下283,用户组283
测试一下284,用户组284
测试一下285,用户组285
测试一下286,用户组286
测试一下287,用户组287
测试一下288,用户组288
测试一下289,用户组289
测试一下290,用户组290
测试一下291,用户组291
测试一下292,用户组292
测试一下293,用户组293
测试一下294,用户组294
测试一下295,用户组295
测试一下296,用户组296
测试一下297,用户组297
测试一下298,用户组298
测试一下299,用户组299
测试一下300,用户组300
测试一下301,用户组301
测试一下302,用户组302
测试一下303,用户组303
测试一下304,用户组304
测试一下305,用户组305
测试一下306,用户组306
测试一下307,用户组307
测试一下308,用户组308
测试一下309,用户组309
测试一下310,用户组310
测试一下311,用户组311
测试一下312,用户组312
测试一下313,用户组313
测试一下314,用户组314
测试一下315,用户组315
测试一下316,用户组316
测试一下317,用户组317
测试一下318,用户组318
测试一下319,用户组319
测试一下320,用户组320
测试一下321,用户组321
测试一下322,用户组322
测试一下323,用户组323
测试一下324,用户组324
测试一下325,用户组325
测试一下326,用户组326
测试一下327,用户组327
测试一下328,用户组328
测试一下329,用户组329
测试一下330,用户组330
测试一下331,用户组331
测试一下332,用户组332
测试一下333,用户组333
测试一下334,用户组334
测试一下335,用户组335
测试一下336,用户组336
测试一下337,用户组337
测试一下338,用户组338
测试一下339,用户组339
测试一下340,用户组340
测试一下341,用户组341
测试一下342,用户组342
测试一下343,用户组343
测试一下344,用户组344
测试一下345,用户组345
测试一下346,用户组346
测试一下347,用户组347
测试一下348,用户组348
测试一下349,用户组349
测试一下350,用户组350
测试一下351,用户组351
测试一下352,用户组352
测试一下353,用户组353
测试一下354,用户组354
测试一下355,用户组355
测试一下356,用户组356
测试一下357,用户组357
测试一下358,用户组358
测试一下359,用户组359
测试一下360,用户组360
测试一下361,用户组361
测试一下362,用户组362
测试一下363,用户组363
测试一下364,用户组364
测试一下365,用户组365
测试一下366,用户组366
测试一下367,用户组367
测试一下368,用户组368
测试一下369,用户组369
测试一下370,用户组370
测试一下371,用户组371
测试一下372,用户组372
测试一下373,用户组373
测试一下374,用户组374
测试一下375,用户组375
测试一下376,用户组376
测试一下377,用户组377
测试一下378,用户组378
测试一下379,用户组379
测试一下380,用户组380
测试一下381,用户组381
测试一下382,用户组382
测试一下383,用户组383
测试一下384,用户组384
测试一下385,用户组385
测试一下386,用户组386
测试一下387,用户组387
测试一下388,用户组388
测试一下389,用户组389
测试一下390,用户组390
测试一下391,用户组391
测试一下392,用户组392
测试一下393,用户组393
测试一下394,用户组394
测试一下395,用户组395
测试一下396,用户组396
测试一下397,用户组397
测试一下398,用户组398
测试一下399,用户组399
测试一下400,用户组400
测试一下401,用户组401
测试一下402,用户组402
测试一下403,用户组403
测试一下404,用户组404
测试一下405,用户组405
测试一下406,用户组406
测试一下407,用户组407
测试一下408,用户组408
测试一下409,用户组409
测试一下410,用户组410
测试一下411,用户组411
测试一下412,用户组412
测试一下413,用户组413
测试一下414,用户组414
测试一下415,用户组415
测试一下416,用户组416
测试一下417,用户组417
测试一下418,用户组418
测试一下419,用户组419
测试一下420,用户组420
测试一下421,用户组421
测试一下422,用户组422
测试一下423,用户组423
测试一下424,用户组424
测试一下425,用户组425
测试一下426,用户组426
测试一下427,用户组427
测试一下428,用户组428
测试一下429,用户组429
测试一下430,用户组430
测试一下431,用户组431
测试一下432,用户组432
测试一下433,用户组433
测试一下434,用户组434
测试一下435,用户组435
测试一下436,用户组436
测试一下437,用户组437
测试一下438,用户组438
测试一下439,用户组439
测试一下440,用户组440
测试一下441,用户组441
测试一下442,用户组442
测试一下443,用户组443
测试一下444,用户组444
测试一下445,用户组445
测试一下446,用户组446
测试一下447,用户组447
测试一下448,用户组448
测试一下449,用户组449
测试一下450,用户组450
测试一下451,用户组451
测试一下452,用户组452
测试一下453,用户组453
测试一下454,用户组454
测试一下455,用户组455
测试一下456,用户组456
测试一下457,用户组457
测试一下458,用户组458
测试一下459,用户组459
测试一下460,用户组460
测试一下461,用户组461
测试一下462,用户组462
测试一下463,用户组463
测试一下464,用户组464
测试一下465,用户组465
测试一下466,用户组466
测试一下467,用户组467
测试一下468,用户组468
测试一下469,用户组469
测试一下470,用户组470
测试一下471,用户组471
测试一下472,用户组472
测试一下473,用户组473
测试一下474,用户组474
测试一下475,用户组475
测试一下476,用户组476
测试一下477,用户组477
测试一下478,用户组478
测试一下479,用户组479
测试一下480,用户组480
测试一下481,用户组481
测试一下482,用户组482
测试一下483,用户组483
测试一下484,用户组484
测试一下485,用户组485
测试一下486,用户组486
测试一下487,用户组487
测试一下488,用户组488
测试一下489,用户组489
测试一下490,用户组490
测试一下491,用户组491
测试一下492,用户组492
测试一下493,用户组493
测试一下494,用户组494
测试一下495,用户组495
测试一下496,用户组496
测试一下497,用户组497
测试一下498,用户组498
测试一下499,用户组499
测试一下500,用户组500
测试一下501,用户组501
测试一下502,用户组502
测试一下503,用户组503
测试一下504,用户组504
测试一下505,用户组505
测试一下506,用户组506
测试一下507,用户组507
测试一下508,用户组508
测试一下509,用户组509
测试一下510,用户组510
测试一下511,用户组511
测试一下512,用户组512
测试一下513,用户组513
测试一下514,用户组514
测试一下515,用户组515
测试一下516,用户组516
测试一下517,用户组517
测试一下518,用户组518
测试一下519,用户组519
测试一下520,用户组520
测试一下521,用户组521
测试一下522,用户组522
测试一下523,用户组523
测试一下524,用户组524
测试一下525,用户组525
测试一下526,用户组526
测试一下527,用户组527
测试一下528,用户组528
测试一下529,用户组529
测试一下530,用户组530
测试一下531,用户组531
测试一下532,用户组532
测试一下533,用户组533
测试一下534,用户组534
测试一下535,用户组535
测试一下536,用户组536
测试一下537,用户组537
测试一下538,用户组538
测试一下539,用户组539
测试一下540,用户组540
测试一下541,用户组541
测试一下542,用户组542
测试一下543,用户组543
测试一下544,用户组544
测试一下545,用户组545
测试一下546,用户组546
测试一下547,用户组547
测试一下548,用户组548
测试一下549,用户组549
测试一下550,用户组550
测试一下551,用户组551
测试一下552,用户组552
测试一下553,用户组553
测试一下554,用户组554
测试一下555,用户组555
测试一下556,用户组556
测试一下557,用户组557
测试一下558,用户组558
测试一下559,用户组559
测试一下560,用户组560
测试一下561,用户组561
测试一下562,用户组562
测试一下563,用户组563
测试一下564,用户组564
测试一下565,用户组565
测试一下566,用户组566
测试一下567,用户组567
测试一下568,用户组568
测试一下569,用户组569
测试一下570,用户组570
测试一下571,用户组571
测试一下572,用户组572
测试一下573,用户组573
测试一下574,用户组574
测试一下575,用户组575
测试一下576,用户组576
测试一下577,用户组577
测试一下578,用户组578
测试一下579,用户组579
测试一下580,用户组580
测试一下581,用户组581
测试一下582,用户组582
测试一下583,用户组583
测试一下584,用户组584
测试一下585,用户组585
测试一下586,用户组586
测试一下587,用户组587
测试一下588,用户组588
测试一下589,用户组589
测试一下590,用户组590
测试一下591,用户组591
测试一下592,用户组592
测试一下593,用户组593
测试一下594,用户组594
测试一下595,用户组595
测试一下596,用户组596
测试一下597,用户组597
测试一下598,用户组598
测试一下599,用户组599
测试一下600,用户组600
测试一下601,用户组601
测试一下602,用户组602
测试一下603,用户组603
测试一下604,用户组604
测试一下605,用户组605
测试一下606,用户组606
测试一下607,用户组607
测试一下608,用户组608
测试一下609,用户组609
测试一下610,用户组610
测试一下611,用户组611
测试一下612,用户组612
测试一下613,用户组613
测试一下614,用户组614
测试一下615,用户组615
测试一下616,用户组616
测试一下617,用户组617
测试一下618,用户组618
测试一下619,用户组619
测试一下620,用户组620
测试一下621,用户组621
测试一下622,用户组622
测试一下623,用户组623
测试一下624,用户组624
测试一下625,用户组625
测试一下626,用户组626
测试一下627,用户组627
测试一下628,用户组628
测试一下629,用户组629
测试一下630,用户组630
测试一下631,用户组631
测试一下632,用户组632
测试一下633,用户组633
测试一下634,用户组634
测试一下635,用户组635
测试一下636,用户组636
测试一下637,用户组637
测试一下638,用户组638
测试一下639,用户组639
测试一下640,用户组640
测试一下641,用户组641
测试一下642,用户组642
测试一下643,用户组643
测试一下644,用户组644
测试一下645,用户组645
测试一下646,用户组646
测试一下647,用户组647
测试一下648,用户组648
测试一下649,用户组649
测试一下650,用户组650
测试一下651,用户组651
测试一下652,用户组652
测试一下653,用户组653
测试一下654,用户组654
测试一下655,用户组655
测试一下656,用户组656
测试一下657,用户组657
测试一下658,用户组658
测试一下659,用户组659
测试一下660,用户组660
测试一下661,用户组661
测试一下662,用户组662
测试一下663,用户组663
测试一下664,用户组664
测试一下665,用户组665
测试一下666,用户组666
测试一下667,用户组667
测试一下668,用户组668
测试一下669,用户组669
测试一下670,用户组670
测试一下671,用户组671
测试一下672,用户组672
测试一下673,用户组673
测试一下674,用户组674
测试一下675,用户组675
测试一下676,用户组676
测试一下677,用户组677
测试一下678,用户组678
测试一下679,用户组679
测试一下680,用户组680
测试一下681,用户组681
测试一下682,用户组682
测试一下683,用户组683
测试一下684,用户组684
测试一下685,用户组685
测试一下686,用户组686
测试一下687,用户组687
测试一下688,用户组688
测试一下689,用户组689
测试一下690,用户组690
测试一下691,用户组691
测试一下692,用户组692
测试一下693,用户组693
测试一下694,用户组694
测试一下695,用户组695
测试一下696,用户组696
测试一下697,用户组697
测试一下698,用户组698
测试一下699,用户组699
测试一下700,用户组700
测试一下701,用户组701
测试一下702,用户组702
测试一下703,用户组703
测试一下704,用户组704
测试一下705,用户组705
测试一下706,用户组706
测试一下707,用户组707
测试一下708,用户组708
测试一下709,用户组709
测试一下710,用户组710
测试一下711,用户组711
测试一下712,用户组712
测试一下713,用户组713
测试一下714,用户组714
测试一下715,用户组715
测试一下716,用户组716
测试一下717,用户组717
测试一下718,用户组718
测试一下719,用户组719
测试一下720,用户组720
测试一下721,用户组721
测试一下722,用户组722
测试一下723,用户组723
测试一下724,用户组724
测试一下725,用户组725
测试一下726,用户组726
测试一下727,用户组727
测试一下728,用户组728
测试一下729,用户组729
测试一下730,用户组730
测试一下731,用户组731
测试一下732,用户组732
测试一下733,用户组733
测试一下734,用户组734
测试一下735,用户组735
测试一下736,用户组736
测试一下737,用户组737
测试一下738,用户组738
测试一下739,用户组739
测试一下740,用户组740
测试一下741,用户组741
测试一下742,用户组742
测试一下743,用户组743
测试一下744,用户组744
测试一下745,用户组745
测试一下746,用户组746
测试一下747,用户组747
测试一下748,用户组748
测试一下749,用户组749
测试一下750,用户组750
测试一下751,用户组751
测试一下752,用户组752
测试一下753,用户组753
测试一下754,用户组754
测试一下755,用户组755
测试一下756,用户组756
测试一下757,用户组757
测试一下758,用户组758
测试一下759,用户组759
测试一下760,用户组760
测试一下761,用户组761
测试一下762,用户组762
测试一下763,用户组763
测试一下764,用户组764
测试一下765,用户组765
测试一下766,用户组766
测试一下767,用户组767
测试一下768,用户组768
测试一下769,用户组769
测试一下770,用户组770
测试一下771,用户组771
测试一下772,用户组772
测试一下773,用户组773
测试一下774,用户组774
测试一下775,用户组775
测试一下776,用户组776
测试一下777,用户组777
测试一下778,用户组778
测试一下779,用户组779
测试一下780,用户组780
测试一下781,用户组781
测试一下782,用户组782
测试一下783,用户组783
测试一下784,用户组784
测试一下785,用户组785
测试一下786,用户组786
测试一下787,用户组787
测试一下788,用户组788
测试一下789,用户组789
测试一下790,用户组790
测试一下791,用户组791
测试一下792,用户组792
测试一下793,用户组793
测试一下794,用户组794
测试一下795,用户组795
测试一下796,用户组796
测试一下797,用户组797
测试一下798,用户组798
测试一下799,用户组799
测试一下800,用户组800
测试一下801,用户组801
测试一下802,用户组802
测试一下803,用户组803
测试一下804,用户组804
测试一下805,用户组805
测试一下806,用户组806
测试一下807,用户组807
测试一下808,用户组808
测试一下809,用户组809
测试一下810,用户组810
测试一下811,用户组811
测试一下812,用户组812
测试一下813,用户组813
测试一下814,用户组814
测试一下815,用户组815
测试一下816,用户组816
测试一下817,用户组817
测试一下818,用户组818
测试一下819,用户组819
测试一下820,用户组820
测试一下821,用户组821
测试一下822,用户组822
测试一下823,用户组823
测试一下824,用户组824
测试一下825,用户组825
测试一下826,用户组826
测试一下827,用户组827
测试一下828,用户组828
测试一下829,用户组829
测试一下830,用户组830
测试一下831,用户组831
测试一下832,用户组832
测试一下833,用户组833
测试一下834,用户组834
测试一下835,用户组835
测试一下836,用户组836
测试一下837,用户组837
测试一下838,用户组838
测试一下839,用户组839
测试一下840,用户组840
测试一下841,用户组841
测试一下842,用户组842
测试一下843,用户组843
测试一下844,用户组844
测试一下845,用户组845
测试一下846,用户组846
测试一下847,用户组847
测试一下848,用户组848
测试一下849,用户组849
测试一下850,用户组850
测试一下851,用户组851
测试一下852,用户组852
测试一下853,用户组853
测试一下854,用户组854
测试一下855,用户组855
测试一下856,用户组856
测试一下857,用户组857
测试一下858,用户组858
测试一下859,用户组859
测试一下860,用户组860
测试一下861,用户组861
测试一下862,用户组862
测试一下863,用户组863
测试一下864,用户组864
测试一下865,用户组865
测试一下866,用户组866
测试一下867,用户组867
测试一下868,用户组868
测试一下869,用户组869
测试一下870,用户组870
测试一下871,用户组871
测试一下872,用户组872
测试一下873,用户组873
测试一下874,用户组874
测试一下875,用户组875
测试一下876,用户组876
测试一下877,用户组877
测试一下878,用户组878
测试一下879,用户组879
测试一下880,用户组880
测试一下881,用户组881
测试一下882,用户组882
测试一下883,用户组883
测试一下884,用户组884
测试一下885,用户组885
测试一下886,用户组886
测试一下887,用户组887
测试一下888,用户组888
测试一下889,用户组889
测试一下890,用户组890
测试一下891,用户组891
测试一下892,用户组892
测试一下893,用户组893
测试一下894,用户组894
测试一下895,用户组895
测试一下896,用户组896
测试一下897,用户组897
测试一下898,用户组898
测试一下899,用户组899
测试一下900,用户组900
测试一下901,用户组901
测试一下902,用户组902
测试一下903,用户组903
测试一下904,用户组904
测试一下905,用户组905
测试一下906,用户组906
测试一下907,用户组907
测试一下908,用户组908
测试一下909,用户组909
测试一下910,用户组910
测试一下911,用户组911
测试一下912,用户组912
测试一下913,用户组913
测试一下914,用户组914
测试一下915,用户组915
测试一下916,用户组916
测试一下917,用户组917
测试一下918,用户组918
测试一下919,用户组919
测试一下920,用户组920
测试一下921,用户组921
测试一下922,用户组922
测试一下923,用户组923
测试一下924,用户组924
测试一下925,用户组925
测试一下926,用户组926
测试一下927,用户组927
测试一下928,用户组928
测试一下929,用户组929
测试一下930,用户组930
测试一下931,用户组931
测试一下932,用户组932
测试一下933,用户组933
测试一下934,用户组934
测试一下935,用户组935
测试一下936,用户组936
测试一下937,用户组937
测试一下938,用户组938
测试一下939,用户组939
测试一下940,用户组940
测试一下941,用户组941
测试一下942,用户组942
测试一下943,用户组943
测试一下944,用户组944
测试一下945,用户组945
测试一下946,用户组946
测试一下947,用户组947
测试一下948,用户组948
测试一下949,用户组949
测试一下950,用户组950
测试一下951,用户组951
测试一下952,用户组952
测试一下953,用户组953
测试一下954,用户组954
测试一下955,用户组955
测试一下956,用户组956
测试一下957,用户组957
测试一下958,用户组958
测试一下959,用户组959
测试一下960,用户组960
测试一下961,用户组961
测试一下962,用户组962
测试一下963,用户组963
测试一下964,用户组964
测试一下965,用户组965
测试一下966,用户组966
测试一下967,用户组967
测试一下968,用户组968
测试一下969,用户组969
测试一下970,用户组970
测试一下971,用户组971
测试一下972,用户组972
测试一下973,用户组973
测试一下974,用户组974
测试一下975,用户组975
测试一下976,用户组976
测试一下977,用户组977
测试一下978,用户组978
测试一下979,用户组979
测试一下980,用户组980
测试一下981,用户组981
测试一下982,用户组982
测试一下983,用户组983
测试一下984,用户组984
测试一下985,用户组985
测试一下986,用户组986
测试一下987,用户组987
测试一下988,用户组988
测试一下989,用户组989
测试一下990,用户组990
测试一下991,用户组991
测试一下992,用户组992
测试一下993,用户组993
测试一下994,用户组994
测试一下995,用户组995
测试一下996,用户组996
测试一下997,用户组997
测试一下998,用户组998
测试一下999,用户组999
测试一下1000,用户组1000
