newItemClass1,新增实体类1
newItemClass2,新增实体类2
newItemClass3,新增实体类3
newItemClass4,新增实体类4
newItemClass5,新增实体类5
newItemClass6,新增实体类6
newItemClass7,新增实体类7
newItemClass8,新增实体类8
newItemClass9,新增实体类9
newItemClass10,新增实体类10
newItemClass11,新增实体类11
newItemClass12,新增实体类12
newItemClass13,新增实体类13
newItemClass14,新增实体类14
newItemClass15,新增实体类15
newItemClass16,新增实体类16
newItemClass17,新增实体类17
newItemClass18,新增实体类18
newItemClass19,新增实体类19
newItemClass20,新增实体类20
newItemClass21,新增实体类21
newItemClass22,新增实体类22
newItemClass23,新增实体类23
newItemClass24,新增实体类24
newItemClass25,新增实体类25
newItemClass26,新增实体类26
newItemClass27,新增实体类27
newItemClass28,新增实体类28
newItemClass29,新增实体类29
newItemClass30,新增实体类30
newItemClass31,新增实体类31
newItemClass32,新增实体类32
newItemClass33,新增实体类33
newItemClass34,新增实体类34
newItemClass35,新增实体类35
newItemClass36,新增实体类36
newItemClass37,新增实体类37
newItemClass38,新增实体类38
newItemClass39,新增实体类39
newItemClass40,新增实体类40
newItemClass41,新增实体类41
newItemClass42,新增实体类42
newItemClass43,新增实体类43
newItemClass44,新增实体类44
newItemClass45,新增实体类45
newItemClass46,新增实体类46
newItemClass47,新增实体类47
newItemClass48,新增实体类48
newItemClass49,新增实体类49
newItemClass50,新增实体类50
newItemClass51,新增实体类51
newItemClass52,新增实体类52
newItemClass53,新增实体类53
newItemClass54,新增实体类54
newItemClass55,新增实体类55
newItemClass56,新增实体类56
newItemClass57,新增实体类57
newItemClass58,新增实体类58
newItemClass59,新增实体类59
newItemClass60,新增实体类60
newItemClass61,新增实体类61
newItemClass62,新增实体类62
newItemClass63,新增实体类63
newItemClass64,新增实体类64
newItemClass65,新增实体类65
newItemClass66,新增实体类66
newItemClass67,新增实体类67
newItemClass68,新增实体类68
newItemClass69,新增实体类69
newItemClass70,新增实体类70
newItemClass71,新增实体类71
newItemClass72,新增实体类72
newItemClass73,新增实体类73
newItemClass74,新增实体类74
newItemClass75,新增实体类75
newItemClass76,新增实体类76
newItemClass77,新增实体类77
newItemClass78,新增实体类78
newItemClass79,新增实体类79
newItemClass80,新增实体类80
newItemClass81,新增实体类81
newItemClass82,新增实体类82
newItemClass83,新增实体类83
newItemClass84,新增实体类84
newItemClass85,新增实体类85
newItemClass86,新增实体类86
newItemClass87,新增实体类87
newItemClass88,新增实体类88
newItemClass89,新增实体类89
newItemClass90,新增实体类90
newItemClass91,新增实体类91
newItemClass92,新增实体类92
newItemClass93,新增实体类93
newItemClass94,新增实体类94
newItemClass95,新增实体类95
newItemClass96,新增实体类96
newItemClass97,新增实体类97
newItemClass98,新增实体类98
newItemClass99,新增实体类99
newItemClass100,新增实体类100
newItemClass101,新增实体类101
newItemClass102,新增实体类102
newItemClass103,新增实体类103
newItemClass104,新增实体类104
newItemClass105,新增实体类105
newItemClass106,新增实体类106
newItemClass107,新增实体类107
newItemClass108,新增实体类108
newItemClass109,新增实体类109
newItemClass110,新增实体类110
newItemClass111,新增实体类111
newItemClass112,新增实体类112
newItemClass113,新增实体类113
newItemClass114,新增实体类114
newItemClass115,新增实体类115
newItemClass116,新增实体类116
newItemClass117,新增实体类117
newItemClass118,新增实体类118
newItemClass119,新增实体类119
newItemClass120,新增实体类120
newItemClass121,新增实体类121
newItemClass122,新增实体类122
newItemClass123,新增实体类123
newItemClass124,新增实体类124
newItemClass125,新增实体类125
newItemClass126,新增实体类126
newItemClass127,新增实体类127
newItemClass128,新增实体类128
newItemClass129,新增实体类129
newItemClass130,新增实体类130
newItemClass131,新增实体类131
newItemClass132,新增实体类132
newItemClass133,新增实体类133
newItemClass134,新增实体类134
newItemClass135,新增实体类135
newItemClass136,新增实体类136
newItemClass137,新增实体类137
newItemClass138,新增实体类138
newItemClass139,新增实体类139
newItemClass140,新增实体类140
newItemClass141,新增实体类141
newItemClass142,新增实体类142
newItemClass143,新增实体类143
newItemClass144,新增实体类144
newItemClass145,新增实体类145
newItemClass146,新增实体类146
newItemClass147,新增实体类147
newItemClass148,新增实体类148
newItemClass149,新增实体类149
newItemClass150,新增实体类150
newItemClass151,新增实体类151
newItemClass152,新增实体类152
newItemClass153,新增实体类153
newItemClass154,新增实体类154
newItemClass155,新增实体类155
newItemClass156,新增实体类156
newItemClass157,新增实体类157
newItemClass158,新增实体类158
newItemClass159,新增实体类159
newItemClass160,新增实体类160
newItemClass161,新增实体类161
newItemClass162,新增实体类162
newItemClass163,新增实体类163
newItemClass164,新增实体类164
newItemClass165,新增实体类165
newItemClass166,新增实体类166
newItemClass167,新增实体类167
newItemClass168,新增实体类168
newItemClass169,新增实体类169
newItemClass170,新增实体类170
newItemClass171,新增实体类171
newItemClass172,新增实体类172
newItemClass173,新增实体类173
newItemClass174,新增实体类174
newItemClass175,新增实体类175
newItemClass176,新增实体类176
newItemClass177,新增实体类177
newItemClass178,新增实体类178
newItemClass179,新增实体类179
newItemClass180,新增实体类180
newItemClass181,新增实体类181
newItemClass182,新增实体类182
newItemClass183,新增实体类183
newItemClass184,新增实体类184
newItemClass185,新增实体类185
newItemClass186,新增实体类186
newItemClass187,新增实体类187
newItemClass188,新增实体类188
newItemClass189,新增实体类189
newItemClass190,新增实体类190
newItemClass191,新增实体类191
newItemClass192,新增实体类192
newItemClass193,新增实体类193
newItemClass194,新增实体类194
newItemClass195,新增实体类195
newItemClass196,新增实体类196
newItemClass197,新增实体类197
newItemClass198,新增实体类198
newItemClass199,新增实体类199
newItemClass200,新增实体类200
newItemClass201,新增实体类201
newItemClass202,新增实体类202
newItemClass203,新增实体类203
newItemClass204,新增实体类204
newItemClass205,新增实体类205
newItemClass206,新增实体类206
newItemClass207,新增实体类207
newItemClass208,新增实体类208
newItemClass209,新增实体类209
newItemClass210,新增实体类210
newItemClass211,新增实体类211
newItemClass212,新增实体类212
newItemClass213,新增实体类213
newItemClass214,新增实体类214
newItemClass215,新增实体类215
newItemClass216,新增实体类216
newItemClass217,新增实体类217
newItemClass218,新增实体类218
newItemClass219,新增实体类219
newItemClass220,新增实体类220
newItemClass221,新增实体类221
newItemClass222,新增实体类222
newItemClass223,新增实体类223
newItemClass224,新增实体类224
newItemClass225,新增实体类225
newItemClass226,新增实体类226
newItemClass227,新增实体类227
newItemClass228,新增实体类228
newItemClass229,新增实体类229
newItemClass230,新增实体类230
newItemClass231,新增实体类231
newItemClass232,新增实体类232
newItemClass233,新增实体类233
newItemClass234,新增实体类234
newItemClass235,新增实体类235
newItemClass236,新增实体类236
newItemClass237,新增实体类237
newItemClass238,新增实体类238
newItemClass239,新增实体类239
newItemClass240,新增实体类240
newItemClass241,新增实体类241
newItemClass242,新增实体类242
newItemClass243,新增实体类243
newItemClass244,新增实体类244
newItemClass245,新增实体类245
newItemClass246,新增实体类246
newItemClass247,新增实体类247
newItemClass248,新增实体类248
newItemClass249,新增实体类249
newItemClass250,新增实体类250
newItemClass251,新增实体类251
newItemClass252,新增实体类252
newItemClass253,新增实体类253
newItemClass254,新增实体类254
newItemClass255,新增实体类255
newItemClass256,新增实体类256
newItemClass257,新增实体类257
newItemClass258,新增实体类258
newItemClass259,新增实体类259
newItemClass260,新增实体类260
newItemClass261,新增实体类261
newItemClass262,新增实体类262
newItemClass263,新增实体类263
newItemClass264,新增实体类264
newItemClass265,新增实体类265
newItemClass266,新增实体类266
newItemClass267,新增实体类267
newItemClass268,新增实体类268
newItemClass269,新增实体类269
newItemClass270,新增实体类270
newItemClass271,新增实体类271
newItemClass272,新增实体类272
newItemClass273,新增实体类273
newItemClass274,新增实体类274
newItemClass275,新增实体类275
newItemClass276,新增实体类276
newItemClass277,新增实体类277
newItemClass278,新增实体类278
newItemClass279,新增实体类279
newItemClass280,新增实体类280
newItemClass281,新增实体类281
newItemClass282,新增实体类282
newItemClass283,新增实体类283
newItemClass284,新增实体类284
newItemClass285,新增实体类285
newItemClass286,新增实体类286
newItemClass287,新增实体类287
newItemClass288,新增实体类288
newItemClass289,新增实体类289
newItemClass290,新增实体类290
newItemClass291,新增实体类291
newItemClass292,新增实体类292
newItemClass293,新增实体类293
newItemClass294,新增实体类294
newItemClass295,新增实体类295
newItemClass296,新增实体类296
newItemClass297,新增实体类297
newItemClass298,新增实体类298
newItemClass299,新增实体类299
newItemClass300,新增实体类300
newItemClass301,新增实体类301
newItemClass302,新增实体类302
newItemClass303,新增实体类303
newItemClass304,新增实体类304
newItemClass305,新增实体类305
newItemClass306,新增实体类306
newItemClass307,新增实体类307
newItemClass308,新增实体类308
newItemClass309,新增实体类309
newItemClass310,新增实体类310
newItemClass311,新增实体类311
newItemClass312,新增实体类312
newItemClass313,新增实体类313
newItemClass314,新增实体类314
newItemClass315,新增实体类315
newItemClass316,新增实体类316
newItemClass317,新增实体类317
newItemClass318,新增实体类318
newItemClass319,新增实体类319
newItemClass320,新增实体类320
newItemClass321,新增实体类321
newItemClass322,新增实体类322
newItemClass323,新增实体类323
newItemClass324,新增实体类324
newItemClass325,新增实体类325
newItemClass326,新增实体类326
newItemClass327,新增实体类327
newItemClass328,新增实体类328
newItemClass329,新增实体类329
newItemClass330,新增实体类330
newItemClass331,新增实体类331
newItemClass332,新增实体类332
newItemClass333,新增实体类333
newItemClass334,新增实体类334
newItemClass335,新增实体类335
newItemClass336,新增实体类336
newItemClass337,新增实体类337
newItemClass338,新增实体类338
newItemClass339,新增实体类339
newItemClass340,新增实体类340
newItemClass341,新增实体类341
newItemClass342,新增实体类342
newItemClass343,新增实体类343
newItemClass344,新增实体类344
newItemClass345,新增实体类345
newItemClass346,新增实体类346
newItemClass347,新增实体类347
newItemClass348,新增实体类348
newItemClass349,新增实体类349
newItemClass350,新增实体类350
newItemClass351,新增实体类351
newItemClass352,新增实体类352
newItemClass353,新增实体类353
newItemClass354,新增实体类354
newItemClass355,新增实体类355
newItemClass356,新增实体类356
newItemClass357,新增实体类357
newItemClass358,新增实体类358
newItemClass359,新增实体类359
newItemClass360,新增实体类360
newItemClass361,新增实体类361
newItemClass362,新增实体类362
newItemClass363,新增实体类363
newItemClass364,新增实体类364
newItemClass365,新增实体类365
newItemClass366,新增实体类366
newItemClass367,新增实体类367
newItemClass368,新增实体类368
newItemClass369,新增实体类369
newItemClass370,新增实体类370
newItemClass371,新增实体类371
newItemClass372,新增实体类372
newItemClass373,新增实体类373
newItemClass374,新增实体类374
newItemClass375,新增实体类375
newItemClass376,新增实体类376
newItemClass377,新增实体类377
newItemClass378,新增实体类378
newItemClass379,新增实体类379
newItemClass380,新增实体类380
newItemClass381,新增实体类381
newItemClass382,新增实体类382
newItemClass383,新增实体类383
newItemClass384,新增实体类384
newItemClass385,新增实体类385
newItemClass386,新增实体类386
newItemClass387,新增实体类387
newItemClass388,新增实体类388
newItemClass389,新增实体类389
newItemClass390,新增实体类390
newItemClass391,新增实体类391
newItemClass392,新增实体类392
newItemClass393,新增实体类393
newItemClass394,新增实体类394
newItemClass395,新增实体类395
newItemClass396,新增实体类396
newItemClass397,新增实体类397
newItemClass398,新增实体类398
newItemClass399,新增实体类399
newItemClass400,新增实体类400
newItemClass401,新增实体类401
newItemClass402,新增实体类402
newItemClass403,新增实体类403
newItemClass404,新增实体类404
newItemClass405,新增实体类405
newItemClass406,新增实体类406
newItemClass407,新增实体类407
newItemClass408,新增实体类408
newItemClass409,新增实体类409
newItemClass410,新增实体类410
newItemClass411,新增实体类411
newItemClass412,新增实体类412
newItemClass413,新增实体类413
newItemClass414,新增实体类414
newItemClass415,新增实体类415
newItemClass416,新增实体类416
newItemClass417,新增实体类417
newItemClass418,新增实体类418
newItemClass419,新增实体类419
newItemClass420,新增实体类420
newItemClass421,新增实体类421
newItemClass422,新增实体类422
newItemClass423,新增实体类423
newItemClass424,新增实体类424
newItemClass425,新增实体类425
newItemClass426,新增实体类426
newItemClass427,新增实体类427
newItemClass428,新增实体类428
newItemClass429,新增实体类429
newItemClass430,新增实体类430
newItemClass431,新增实体类431
newItemClass432,新增实体类432
newItemClass433,新增实体类433
newItemClass434,新增实体类434
newItemClass435,新增实体类435
newItemClass436,新增实体类436
newItemClass437,新增实体类437
newItemClass438,新增实体类438
newItemClass439,新增实体类439
newItemClass440,新增实体类440
newItemClass441,新增实体类441
newItemClass442,新增实体类442
newItemClass443,新增实体类443
newItemClass444,新增实体类444
newItemClass445,新增实体类445
newItemClass446,新增实体类446
newItemClass447,新增实体类447
newItemClass448,新增实体类448
newItemClass449,新增实体类449
newItemClass450,新增实体类450
newItemClass451,新增实体类451
newItemClass452,新增实体类452
newItemClass453,新增实体类453
newItemClass454,新增实体类454
newItemClass455,新增实体类455
newItemClass456,新增实体类456
newItemClass457,新增实体类457
newItemClass458,新增实体类458
newItemClass459,新增实体类459
newItemClass460,新增实体类460
newItemClass461,新增实体类461
newItemClass462,新增实体类462
newItemClass463,新增实体类463
newItemClass464,新增实体类464
newItemClass465,新增实体类465
newItemClass466,新增实体类466
newItemClass467,新增实体类467
newItemClass468,新增实体类468
newItemClass469,新增实体类469
newItemClass470,新增实体类470
newItemClass471,新增实体类471
newItemClass472,新增实体类472
newItemClass473,新增实体类473
newItemClass474,新增实体类474
newItemClass475,新增实体类475
newItemClass476,新增实体类476
newItemClass477,新增实体类477
newItemClass478,新增实体类478
newItemClass479,新增实体类479
newItemClass480,新增实体类480
newItemClass481,新增实体类481
newItemClass482,新增实体类482
newItemClass483,新增实体类483
newItemClass484,新增实体类484
newItemClass485,新增实体类485
newItemClass486,新增实体类486
newItemClass487,新增实体类487
newItemClass488,新增实体类488
newItemClass489,新增实体类489
newItemClass490,新增实体类490
newItemClass491,新增实体类491
newItemClass492,新增实体类492
newItemClass493,新增实体类493
newItemClass494,新增实体类494
newItemClass495,新增实体类495
newItemClass496,新增实体类496
newItemClass497,新增实体类497
newItemClass498,新增实体类498
newItemClass499,新增实体类499
newItemClass500,新增实体类500
newItemClass501,新增实体类501
newItemClass502,新增实体类502
newItemClass503,新增实体类503
newItemClass504,新增实体类504
newItemClass505,新增实体类505
newItemClass506,新增实体类506
newItemClass507,新增实体类507
newItemClass508,新增实体类508
newItemClass509,新增实体类509
newItemClass510,新增实体类510
newItemClass511,新增实体类511
newItemClass512,新增实体类512
newItemClass513,新增实体类513
newItemClass514,新增实体类514
newItemClass515,新增实体类515
newItemClass516,新增实体类516
newItemClass517,新增实体类517
newItemClass518,新增实体类518
newItemClass519,新增实体类519
newItemClass520,新增实体类520
newItemClass521,新增实体类521
newItemClass522,新增实体类522
newItemClass523,新增实体类523
newItemClass524,新增实体类524
newItemClass525,新增实体类525
newItemClass526,新增实体类526
newItemClass527,新增实体类527
newItemClass528,新增实体类528
newItemClass529,新增实体类529
newItemClass530,新增实体类530
newItemClass531,新增实体类531
newItemClass532,新增实体类532
newItemClass533,新增实体类533
newItemClass534,新增实体类534
newItemClass535,新增实体类535
newItemClass536,新增实体类536
newItemClass537,新增实体类537
newItemClass538,新增实体类538
newItemClass539,新增实体类539
newItemClass540,新增实体类540
newItemClass541,新增实体类541
newItemClass542,新增实体类542
newItemClass543,新增实体类543
newItemClass544,新增实体类544
newItemClass545,新增实体类545
newItemClass546,新增实体类546
newItemClass547,新增实体类547
newItemClass548,新增实体类548
newItemClass549,新增实体类549
newItemClass550,新增实体类550
newItemClass551,新增实体类551
newItemClass552,新增实体类552
newItemClass553,新增实体类553
newItemClass554,新增实体类554
newItemClass555,新增实体类555
newItemClass556,新增实体类556
newItemClass557,新增实体类557
newItemClass558,新增实体类558
newItemClass559,新增实体类559
newItemClass560,新增实体类560
newItemClass561,新增实体类561
newItemClass562,新增实体类562
newItemClass563,新增实体类563
newItemClass564,新增实体类564
newItemClass565,新增实体类565
newItemClass566,新增实体类566
newItemClass567,新增实体类567
newItemClass568,新增实体类568
newItemClass569,新增实体类569
newItemClass570,新增实体类570
newItemClass571,新增实体类571
newItemClass572,新增实体类572
newItemClass573,新增实体类573
newItemClass574,新增实体类574
newItemClass575,新增实体类575
newItemClass576,新增实体类576
newItemClass577,新增实体类577
newItemClass578,新增实体类578
newItemClass579,新增实体类579
newItemClass580,新增实体类580
newItemClass581,新增实体类581
newItemClass582,新增实体类582
newItemClass583,新增实体类583
newItemClass584,新增实体类584
newItemClass585,新增实体类585
newItemClass586,新增实体类586
newItemClass587,新增实体类587
newItemClass588,新增实体类588
newItemClass589,新增实体类589
newItemClass590,新增实体类590
newItemClass591,新增实体类591
newItemClass592,新增实体类592
newItemClass593,新增实体类593
newItemClass594,新增实体类594
newItemClass595,新增实体类595
newItemClass596,新增实体类596
newItemClass597,新增实体类597
newItemClass598,新增实体类598
newItemClass599,新增实体类599
newItemClass600,新增实体类600
newItemClass601,新增实体类601
newItemClass602,新增实体类602
newItemClass603,新增实体类603
newItemClass604,新增实体类604
newItemClass605,新增实体类605
newItemClass606,新增实体类606
newItemClass607,新增实体类607
newItemClass608,新增实体类608
newItemClass609,新增实体类609
newItemClass610,新增实体类610
newItemClass611,新增实体类611
newItemClass612,新增实体类612
newItemClass613,新增实体类613
newItemClass614,新增实体类614
newItemClass615,新增实体类615
newItemClass616,新增实体类616
newItemClass617,新增实体类617
newItemClass618,新增实体类618
newItemClass619,新增实体类619
newItemClass620,新增实体类620
newItemClass621,新增实体类621
newItemClass622,新增实体类622
newItemClass623,新增实体类623
newItemClass624,新增实体类624
newItemClass625,新增实体类625
newItemClass626,新增实体类626
newItemClass627,新增实体类627
newItemClass628,新增实体类628
newItemClass629,新增实体类629
newItemClass630,新增实体类630
newItemClass631,新增实体类631
newItemClass632,新增实体类632
newItemClass633,新增实体类633
newItemClass634,新增实体类634
newItemClass635,新增实体类635
newItemClass636,新增实体类636
newItemClass637,新增实体类637
newItemClass638,新增实体类638
newItemClass639,新增实体类639
newItemClass640,新增实体类640
newItemClass641,新增实体类641
newItemClass642,新增实体类642
newItemClass643,新增实体类643
newItemClass644,新增实体类644
newItemClass645,新增实体类645
newItemClass646,新增实体类646
newItemClass647,新增实体类647
newItemClass648,新增实体类648
newItemClass649,新增实体类649
newItemClass650,新增实体类650
newItemClass651,新增实体类651
newItemClass652,新增实体类652
newItemClass653,新增实体类653
newItemClass654,新增实体类654
newItemClass655,新增实体类655
newItemClass656,新增实体类656
newItemClass657,新增实体类657
newItemClass658,新增实体类658
newItemClass659,新增实体类659
newItemClass660,新增实体类660
newItemClass661,新增实体类661
newItemClass662,新增实体类662
newItemClass663,新增实体类663
newItemClass664,新增实体类664
newItemClass665,新增实体类665
newItemClass666,新增实体类666
newItemClass667,新增实体类667
newItemClass668,新增实体类668
newItemClass669,新增实体类669
newItemClass670,新增实体类670
newItemClass671,新增实体类671
newItemClass672,新增实体类672
newItemClass673,新增实体类673
newItemClass674,新增实体类674
newItemClass675,新增实体类675
newItemClass676,新增实体类676
newItemClass677,新增实体类677
newItemClass678,新增实体类678
newItemClass679,新增实体类679
newItemClass680,新增实体类680
newItemClass681,新增实体类681
newItemClass682,新增实体类682
newItemClass683,新增实体类683
newItemClass684,新增实体类684
newItemClass685,新增实体类685
newItemClass686,新增实体类686
newItemClass687,新增实体类687
newItemClass688,新增实体类688
newItemClass689,新增实体类689
newItemClass690,新增实体类690
newItemClass691,新增实体类691
newItemClass692,新增实体类692
newItemClass693,新增实体类693
newItemClass694,新增实体类694
newItemClass695,新增实体类695
newItemClass696,新增实体类696
newItemClass697,新增实体类697
newItemClass698,新增实体类698
newItemClass699,新增实体类699
newItemClass700,新增实体类700
newItemClass701,新增实体类701
newItemClass702,新增实体类702
newItemClass703,新增实体类703
newItemClass704,新增实体类704
newItemClass705,新增实体类705
newItemClass706,新增实体类706
newItemClass707,新增实体类707
newItemClass708,新增实体类708
newItemClass709,新增实体类709
newItemClass710,新增实体类710
newItemClass711,新增实体类711
newItemClass712,新增实体类712
newItemClass713,新增实体类713
newItemClass714,新增实体类714
newItemClass715,新增实体类715
newItemClass716,新增实体类716
newItemClass717,新增实体类717
newItemClass718,新增实体类718
newItemClass719,新增实体类719
newItemClass720,新增实体类720
newItemClass721,新增实体类721
newItemClass722,新增实体类722
newItemClass723,新增实体类723
newItemClass724,新增实体类724
newItemClass725,新增实体类725
newItemClass726,新增实体类726
newItemClass727,新增实体类727
newItemClass728,新增实体类728
newItemClass729,新增实体类729
newItemClass730,新增实体类730
newItemClass731,新增实体类731
newItemClass732,新增实体类732
newItemClass733,新增实体类733
newItemClass734,新增实体类734
newItemClass735,新增实体类735
newItemClass736,新增实体类736
newItemClass737,新增实体类737
newItemClass738,新增实体类738
newItemClass739,新增实体类739
newItemClass740,新增实体类740
newItemClass741,新增实体类741
newItemClass742,新增实体类742
newItemClass743,新增实体类743
newItemClass744,新增实体类744
newItemClass745,新增实体类745
newItemClass746,新增实体类746
newItemClass747,新增实体类747
newItemClass748,新增实体类748
newItemClass749,新增实体类749
newItemClass750,新增实体类750
newItemClass751,新增实体类751
newItemClass752,新增实体类752
newItemClass753,新增实体类753
newItemClass754,新增实体类754
newItemClass755,新增实体类755
newItemClass756,新增实体类756
newItemClass757,新增实体类757
newItemClass758,新增实体类758
newItemClass759,新增实体类759
newItemClass760,新增实体类760
newItemClass761,新增实体类761
newItemClass762,新增实体类762
newItemClass763,新增实体类763
newItemClass764,新增实体类764
newItemClass765,新增实体类765
newItemClass766,新增实体类766
newItemClass767,新增实体类767
newItemClass768,新增实体类768
newItemClass769,新增实体类769
newItemClass770,新增实体类770
newItemClass771,新增实体类771
newItemClass772,新增实体类772
newItemClass773,新增实体类773
newItemClass774,新增实体类774
newItemClass775,新增实体类775
newItemClass776,新增实体类776
newItemClass777,新增实体类777
newItemClass778,新增实体类778
newItemClass779,新增实体类779
newItemClass780,新增实体类780
newItemClass781,新增实体类781
newItemClass782,新增实体类782
newItemClass783,新增实体类783
newItemClass784,新增实体类784
newItemClass785,新增实体类785
newItemClass786,新增实体类786
newItemClass787,新增实体类787
newItemClass788,新增实体类788
newItemClass789,新增实体类789
newItemClass790,新增实体类790
newItemClass791,新增实体类791
newItemClass792,新增实体类792
newItemClass793,新增实体类793
newItemClass794,新增实体类794
newItemClass795,新增实体类795
newItemClass796,新增实体类796
newItemClass797,新增实体类797
newItemClass798,新增实体类798
newItemClass799,新增实体类799
newItemClass800,新增实体类800
newItemClass801,新增实体类801
newItemClass802,新增实体类802
newItemClass803,新增实体类803
newItemClass804,新增实体类804
newItemClass805,新增实体类805
newItemClass806,新增实体类806
newItemClass807,新增实体类807
newItemClass808,新增实体类808
newItemClass809,新增实体类809
newItemClass810,新增实体类810
newItemClass811,新增实体类811
newItemClass812,新增实体类812
newItemClass813,新增实体类813
newItemClass814,新增实体类814
newItemClass815,新增实体类815
newItemClass816,新增实体类816
newItemClass817,新增实体类817
newItemClass818,新增实体类818
newItemClass819,新增实体类819
newItemClass820,新增实体类820
newItemClass821,新增实体类821
newItemClass822,新增实体类822
newItemClass823,新增实体类823
newItemClass824,新增实体类824
newItemClass825,新增实体类825
newItemClass826,新增实体类826
newItemClass827,新增实体类827
newItemClass828,新增实体类828
newItemClass829,新增实体类829
newItemClass830,新增实体类830
newItemClass831,新增实体类831
newItemClass832,新增实体类832
newItemClass833,新增实体类833
newItemClass834,新增实体类834
newItemClass835,新增实体类835
newItemClass836,新增实体类836
newItemClass837,新增实体类837
newItemClass838,新增实体类838
newItemClass839,新增实体类839
newItemClass840,新增实体类840
newItemClass841,新增实体类841
newItemClass842,新增实体类842
newItemClass843,新增实体类843
newItemClass844,新增实体类844
newItemClass845,新增实体类845
newItemClass846,新增实体类846
newItemClass847,新增实体类847
newItemClass848,新增实体类848
newItemClass849,新增实体类849
newItemClass850,新增实体类850
newItemClass851,新增实体类851
newItemClass852,新增实体类852
newItemClass853,新增实体类853
newItemClass854,新增实体类854
newItemClass855,新增实体类855
newItemClass856,新增实体类856
newItemClass857,新增实体类857
newItemClass858,新增实体类858
newItemClass859,新增实体类859
newItemClass860,新增实体类860
newItemClass861,新增实体类861
newItemClass862,新增实体类862
newItemClass863,新增实体类863
newItemClass864,新增实体类864
newItemClass865,新增实体类865
newItemClass866,新增实体类866
newItemClass867,新增实体类867
newItemClass868,新增实体类868
newItemClass869,新增实体类869
newItemClass870,新增实体类870
newItemClass871,新增实体类871
newItemClass872,新增实体类872
newItemClass873,新增实体类873
newItemClass874,新增实体类874
newItemClass875,新增实体类875
newItemClass876,新增实体类876
newItemClass877,新增实体类877
newItemClass878,新增实体类878
newItemClass879,新增实体类879
newItemClass880,新增实体类880
newItemClass881,新增实体类881
newItemClass882,新增实体类882
newItemClass883,新增实体类883
newItemClass884,新增实体类884
newItemClass885,新增实体类885
newItemClass886,新增实体类886
newItemClass887,新增实体类887
newItemClass888,新增实体类888
newItemClass889,新增实体类889
newItemClass890,新增实体类890
newItemClass891,新增实体类891
newItemClass892,新增实体类892
newItemClass893,新增实体类893
newItemClass894,新增实体类894
newItemClass895,新增实体类895
newItemClass896,新增实体类896
newItemClass897,新增实体类897
newItemClass898,新增实体类898
newItemClass899,新增实体类899
newItemClass900,新增实体类900
newItemClass901,新增实体类901
newItemClass902,新增实体类902
newItemClass903,新增实体类903
newItemClass904,新增实体类904
newItemClass905,新增实体类905
newItemClass906,新增实体类906
newItemClass907,新增实体类907
newItemClass908,新增实体类908
newItemClass909,新增实体类909
newItemClass910,新增实体类910
newItemClass911,新增实体类911
newItemClass912,新增实体类912
newItemClass913,新增实体类913
newItemClass914,新增实体类914
newItemClass915,新增实体类915
newItemClass916,新增实体类916
newItemClass917,新增实体类917
newItemClass918,新增实体类918
newItemClass919,新增实体类919
newItemClass920,新增实体类920
newItemClass921,新增实体类921
newItemClass922,新增实体类922
newItemClass923,新增实体类923
newItemClass924,新增实体类924
newItemClass925,新增实体类925
newItemClass926,新增实体类926
newItemClass927,新增实体类927
newItemClass928,新增实体类928
newItemClass929,新增实体类929
newItemClass930,新增实体类930
newItemClass931,新增实体类931
newItemClass932,新增实体类932
newItemClass933,新增实体类933
newItemClass934,新增实体类934
newItemClass935,新增实体类935
newItemClass936,新增实体类936
newItemClass937,新增实体类937
newItemClass938,新增实体类938
newItemClass939,新增实体类939
newItemClass940,新增实体类940
newItemClass941,新增实体类941
newItemClass942,新增实体类942
newItemClass943,新增实体类943
newItemClass944,新增实体类944
newItemClass945,新增实体类945
newItemClass946,新增实体类946
newItemClass947,新增实体类947
newItemClass948,新增实体类948
newItemClass949,新增实体类949
newItemClass950,新增实体类950
newItemClass951,新增实体类951
newItemClass952,新增实体类952
newItemClass953,新增实体类953
newItemClass954,新增实体类954
newItemClass955,新增实体类955
newItemClass956,新增实体类956
newItemClass957,新增实体类957
newItemClass958,新增实体类958
newItemClass959,新增实体类959
newItemClass960,新增实体类960
newItemClass961,新增实体类961
newItemClass962,新增实体类962
newItemClass963,新增实体类963
newItemClass964,新增实体类964
newItemClass965,新增实体类965
newItemClass966,新增实体类966
newItemClass967,新增实体类967
newItemClass968,新增实体类968
newItemClass969,新增实体类969
newItemClass970,新增实体类970
newItemClass971,新增实体类971
newItemClass972,新增实体类972
newItemClass973,新增实体类973
newItemClass974,新增实体类974
newItemClass975,新增实体类975
newItemClass976,新增实体类976
newItemClass977,新增实体类977
newItemClass978,新增实体类978
newItemClass979,新增实体类979
newItemClass980,新增实体类980
newItemClass981,新增实体类981
newItemClass982,新增实体类982
newItemClass983,新增实体类983
newItemClass984,新增实体类984
newItemClass985,新增实体类985
newItemClass986,新增实体类986
newItemClass987,新增实体类987
newItemClass988,新增实体类988
newItemClass989,新增实体类989
newItemClass990,新增实体类990
newItemClass991,新增实体类991
newItemClass992,新增实体类992
newItemClass993,新增实体类993
newItemClass994,新增实体类994
newItemClass995,新增实体类995
newItemClass996,新增实体类996
newItemClass997,新增实体类997
newItemClass998,新增实体类998
newItemClass999,新增实体类999
newItemClass1000,新增实体类1000
