relationClass1A,新增的关联实体类1A
relationClass1C,新增的关联实体类1C
relationClass1E,新增的关联实体类1E
relationClass1G,新增的关联实体类1G
relationClass1I,新增的关联实体类1I
relationClass1K,新增的关联实体类1K
relationClass1M,新增的关联实体类1M
relationClass1O,新增的关联实体类1O
relationClass1Q,新增的关联实体类1Q
relationClass1S,新增的关联实体类1S
relationClass2A,新增的关联实体类2A
relationClass2C,新增的关联实体类2C
relationClass2E,新增的关联实体类2E
relationClass2G,新增的关联实体类2G
relationClass2I,新增的关联实体类2I
relationClass2K,新增的关联实体类2K
relationClass2M,新增的关联实体类2M
relationClass2O,新增的关联实体类2O
relationClass2Q,新增的关联实体类2Q
relationClass2S,新增的关联实体类2S
relationClass3A,新增的关联实体类3A
relationClass3C,新增的关联实体类3C
relationClass3E,新增的关联实体类3E
relationClass3G,新增的关联实体类3G
relationClass3I,新增的关联实体类3I
relationClass3K,新增的关联实体类3K
relationClass3M,新增的关联实体类3M
relationClass3O,新增的关联实体类3O
relationClass3Q,新增的关联实体类3Q
relationClass3S,新增的关联实体类3S
relationClass4A,新增的关联实体类4A
relationClass4C,新增的关联实体类4C
relationClass4E,新增的关联实体类4E
relationClass4G,新增的关联实体类4G
relationClass4I,新增的关联实体类4I
relationClass4K,新增的关联实体类4K
relationClass4M,新增的关联实体类4M
relationClass4O,新增的关联实体类4O
relationClass4Q,新增的关联实体类4Q
relationClass4S,新增的关联实体类4S
relationClass5A,新增的关联实体类5A
relationClass5C,新增的关联实体类5C
relationClass5E,新增的关联实体类5E
relationClass5G,新增的关联实体类5G
relationClass5I,新增的关联实体类5I
relationClass5K,新增的关联实体类5K
relationClass5M,新增的关联实体类5M
relationClass5O,新增的关联实体类5O
relationClass5Q,新增的关联实体类5Q
relationClass5S,新增的关联实体类5S
relationClass6A,新增的关联实体类6A
relationClass6C,新增的关联实体类6C
relationClass6E,新增的关联实体类6E
relationClass6G,新增的关联实体类6G
relationClass6I,新增的关联实体类6I
relationClass6K,新增的关联实体类6K
relationClass6M,新增的关联实体类6M
relationClass6O,新增的关联实体类6O
relationClass6Q,新增的关联实体类6Q
relationClass6S,新增的关联实体类6S
relationClass7A,新增的关联实体类7A
relationClass7C,新增的关联实体类7C
relationClass7E,新增的关联实体类7E
relationClass7G,新增的关联实体类7G
relationClass7I,新增的关联实体类7I
relationClass7K,新增的关联实体类7K
relationClass7M,新增的关联实体类7M
relationClass7O,新增的关联实体类7O
relationClass7Q,新增的关联实体类7Q
relationClass7S,新增的关联实体类7S
relationClass8A,新增的关联实体类8A
relationClass8C,新增的关联实体类8C
relationClass8E,新增的关联实体类8E
relationClass8G,新增的关联实体类8G
relationClass8I,新增的关联实体类8I
relationClass8K,新增的关联实体类8K
relationClass8M,新增的关联实体类8M
relationClass8O,新增的关联实体类8O
relationClass8Q,新增的关联实体类8Q
relationClass8S,新增的关联实体类8S
relationClass9A,新增的关联实体类9A
relationClass9C,新增的关联实体类9C
relationClass9E,新增的关联实体类9E
relationClass9G,新增的关联实体类9G
relationClass9I,新增的关联实体类9I
relationClass9K,新增的关联实体类9K
relationClass9M,新增的关联实体类9M
relationClass9O,新增的关联实体类9O
relationClass9Q,新增的关联实体类9Q
relationClass9S,新增的关联实体类9S
relationClass10A,新增的关联实体类10A
relationClass10C,新增的关联实体类10C
relationClass10E,新增的关联实体类10E
relationClass10G,新增的关联实体类10G
relationClass10I,新增的关联实体类10I
relationClass10K,新增的关联实体类10K
relationClass10M,新增的关联实体类10M
relationClass10O,新增的关联实体类10O
relationClass10Q,新增的关联实体类10Q
relationClass10S,新增的关联实体类10S
relationClass11A,新增的关联实体类11A
relationClass11C,新增的关联实体类11C
relationClass11E,新增的关联实体类11E
relationClass11G,新增的关联实体类11G
relationClass11I,新增的关联实体类11I
relationClass11K,新增的关联实体类11K
relationClass11M,新增的关联实体类11M
relationClass11O,新增的关联实体类11O
relationClass11Q,新增的关联实体类11Q
relationClass11S,新增的关联实体类11S
relationClass12A,新增的关联实体类12A
relationClass12C,新增的关联实体类12C
relationClass12E,新增的关联实体类12E
relationClass12G,新增的关联实体类12G
relationClass12I,新增的关联实体类12I
relationClass12K,新增的关联实体类12K
relationClass12M,新增的关联实体类12M
relationClass12O,新增的关联实体类12O
relationClass12Q,新增的关联实体类12Q
relationClass12S,新增的关联实体类12S
relationClass13A,新增的关联实体类13A
relationClass13C,新增的关联实体类13C
relationClass13E,新增的关联实体类13E
relationClass13G,新增的关联实体类13G
relationClass13I,新增的关联实体类13I
relationClass13K,新增的关联实体类13K
relationClass13M,新增的关联实体类13M
relationClass13O,新增的关联实体类13O
relationClass13Q,新增的关联实体类13Q
relationClass13S,新增的关联实体类13S
relationClass14A,新增的关联实体类14A
relationClass14C,新增的关联实体类14C
relationClass14E,新增的关联实体类14E
relationClass14G,新增的关联实体类14G
relationClass14I,新增的关联实体类14I
relationClass14K,新增的关联实体类14K
relationClass14M,新增的关联实体类14M
relationClass14O,新增的关联实体类14O
relationClass14Q,新增的关联实体类14Q
relationClass14S,新增的关联实体类14S
relationClass15A,新增的关联实体类15A
relationClass15C,新增的关联实体类15C
relationClass15E,新增的关联实体类15E
relationClass15G,新增的关联实体类15G
relationClass15I,新增的关联实体类15I
relationClass15K,新增的关联实体类15K
relationClass15M,新增的关联实体类15M
relationClass15O,新增的关联实体类15O
relationClass15Q,新增的关联实体类15Q
relationClass15S,新增的关联实体类15S
relationClass16A,新增的关联实体类16A
relationClass16C,新增的关联实体类16C
relationClass16E,新增的关联实体类16E
relationClass16G,新增的关联实体类16G
relationClass16I,新增的关联实体类16I
relationClass16K,新增的关联实体类16K
relationClass16M,新增的关联实体类16M
relationClass16O,新增的关联实体类16O
relationClass16Q,新增的关联实体类16Q
relationClass16S,新增的关联实体类16S
relationClass17A,新增的关联实体类17A
relationClass17C,新增的关联实体类17C
relationClass17E,新增的关联实体类17E
relationClass17G,新增的关联实体类17G
relationClass17I,新增的关联实体类17I
relationClass17K,新增的关联实体类17K
relationClass17M,新增的关联实体类17M
relationClass17O,新增的关联实体类17O
relationClass17Q,新增的关联实体类17Q
relationClass17S,新增的关联实体类17S
relationClass18A,新增的关联实体类18A
relationClass18C,新增的关联实体类18C
relationClass18E,新增的关联实体类18E
relationClass18G,新增的关联实体类18G
relationClass18I,新增的关联实体类18I
relationClass18K,新增的关联实体类18K
relationClass18M,新增的关联实体类18M
relationClass18O,新增的关联实体类18O
relationClass18Q,新增的关联实体类18Q
relationClass18S,新增的关联实体类18S
relationClass19A,新增的关联实体类19A
relationClass19C,新增的关联实体类19C
relationClass19E,新增的关联实体类19E
relationClass19G,新增的关联实体类19G
relationClass19I,新增的关联实体类19I
relationClass19K,新增的关联实体类19K
relationClass19M,新增的关联实体类19M
relationClass19O,新增的关联实体类19O
relationClass19Q,新增的关联实体类19Q
relationClass19S,新增的关联实体类19S
relationClass20A,新增的关联实体类20A
relationClass20C,新增的关联实体类20C
relationClass20E,新增的关联实体类20E
relationClass20G,新增的关联实体类20G
relationClass20I,新增的关联实体类20I
relationClass20K,新增的关联实体类20K
relationClass20M,新增的关联实体类20M
relationClass20O,新增的关联实体类20O
relationClass20Q,新增的关联实体类20Q
relationClass20S,新增的关联实体类20S
relationClass21A,新增的关联实体类21A
relationClass21C,新增的关联实体类21C
relationClass21E,新增的关联实体类21E
relationClass21G,新增的关联实体类21G
relationClass21I,新增的关联实体类21I
relationClass21K,新增的关联实体类21K
relationClass21M,新增的关联实体类21M
relationClass21O,新增的关联实体类21O
relationClass21Q,新增的关联实体类21Q
relationClass21S,新增的关联实体类21S
relationClass22A,新增的关联实体类22A
relationClass22C,新增的关联实体类22C
relationClass22E,新增的关联实体类22E
relationClass22G,新增的关联实体类22G
relationClass22I,新增的关联实体类22I
relationClass22K,新增的关联实体类22K
relationClass22M,新增的关联实体类22M
relationClass22O,新增的关联实体类22O
relationClass22Q,新增的关联实体类22Q
relationClass22S,新增的关联实体类22S
relationClass23A,新增的关联实体类23A
relationClass23C,新增的关联实体类23C
relationClass23E,新增的关联实体类23E
relationClass23G,新增的关联实体类23G
relationClass23I,新增的关联实体类23I
relationClass23K,新增的关联实体类23K
relationClass23M,新增的关联实体类23M
relationClass23O,新增的关联实体类23O
relationClass23Q,新增的关联实体类23Q
relationClass23S,新增的关联实体类23S
relationClass24A,新增的关联实体类24A
relationClass24C,新增的关联实体类24C
relationClass24E,新增的关联实体类24E
relationClass24G,新增的关联实体类24G
relationClass24I,新增的关联实体类24I
relationClass24K,新增的关联实体类24K
relationClass24M,新增的关联实体类24M
relationClass24O,新增的关联实体类24O
relationClass24Q,新增的关联实体类24Q
relationClass24S,新增的关联实体类24S
relationClass25A,新增的关联实体类25A
relationClass25C,新增的关联实体类25C
relationClass25E,新增的关联实体类25E
relationClass25G,新增的关联实体类25G
relationClass25I,新增的关联实体类25I
relationClass25K,新增的关联实体类25K
relationClass25M,新增的关联实体类25M
relationClass25O,新增的关联实体类25O
relationClass25Q,新增的关联实体类25Q
relationClass25S,新增的关联实体类25S
relationClass26A,新增的关联实体类26A
relationClass26C,新增的关联实体类26C
relationClass26E,新增的关联实体类26E
relationClass26G,新增的关联实体类26G
relationClass26I,新增的关联实体类26I
relationClass26K,新增的关联实体类26K
relationClass26M,新增的关联实体类26M
relationClass26O,新增的关联实体类26O
relationClass26Q,新增的关联实体类26Q
relationClass26S,新增的关联实体类26S
relationClass27A,新增的关联实体类27A
relationClass27C,新增的关联实体类27C
relationClass27E,新增的关联实体类27E
relationClass27G,新增的关联实体类27G
relationClass27I,新增的关联实体类27I
relationClass27K,新增的关联实体类27K
relationClass27M,新增的关联实体类27M
relationClass27O,新增的关联实体类27O
relationClass27Q,新增的关联实体类27Q
relationClass27S,新增的关联实体类27S
relationClass28A,新增的关联实体类28A
relationClass28C,新增的关联实体类28C
relationClass28E,新增的关联实体类28E
relationClass28G,新增的关联实体类28G
relationClass28I,新增的关联实体类28I
relationClass28K,新增的关联实体类28K
relationClass28M,新增的关联实体类28M
relationClass28O,新增的关联实体类28O
relationClass28Q,新增的关联实体类28Q
relationClass28S,新增的关联实体类28S
relationClass29A,新增的关联实体类29A
relationClass29C,新增的关联实体类29C
relationClass29E,新增的关联实体类29E
relationClass29G,新增的关联实体类29G
relationClass29I,新增的关联实体类29I
relationClass29K,新增的关联实体类29K
relationClass29M,新增的关联实体类29M
relationClass29O,新增的关联实体类29O
relationClass29Q,新增的关联实体类29Q
relationClass29S,新增的关联实体类29S
relationClass30A,新增的关联实体类30A
relationClass30C,新增的关联实体类30C
relationClass30E,新增的关联实体类30E
relationClass30G,新增的关联实体类30G
relationClass30I,新增的关联实体类30I
relationClass30K,新增的关联实体类30K
relationClass30M,新增的关联实体类30M
relationClass30O,新增的关联实体类30O
relationClass30Q,新增的关联实体类30Q
relationClass30S,新增的关联实体类30S
relationClass31A,新增的关联实体类31A
relationClass31C,新增的关联实体类31C
relationClass31E,新增的关联实体类31E
relationClass31G,新增的关联实体类31G
relationClass31I,新增的关联实体类31I
relationClass31K,新增的关联实体类31K
relationClass31M,新增的关联实体类31M
relationClass31O,新增的关联实体类31O
relationClass31Q,新增的关联实体类31Q
relationClass31S,新增的关联实体类31S
relationClass32A,新增的关联实体类32A
relationClass32C,新增的关联实体类32C
relationClass32E,新增的关联实体类32E
relationClass32G,新增的关联实体类32G
relationClass32I,新增的关联实体类32I
relationClass32K,新增的关联实体类32K
relationClass32M,新增的关联实体类32M
relationClass32O,新增的关联实体类32O
relationClass32Q,新增的关联实体类32Q
relationClass32S,新增的关联实体类32S
relationClass33A,新增的关联实体类33A
relationClass33C,新增的关联实体类33C
relationClass33E,新增的关联实体类33E
relationClass33G,新增的关联实体类33G
relationClass33I,新增的关联实体类33I
relationClass33K,新增的关联实体类33K
relationClass33M,新增的关联实体类33M
relationClass33O,新增的关联实体类33O
relationClass33Q,新增的关联实体类33Q
relationClass33S,新增的关联实体类33S
relationClass34A,新增的关联实体类34A
relationClass34C,新增的关联实体类34C
relationClass34E,新增的关联实体类34E
relationClass34G,新增的关联实体类34G
relationClass34I,新增的关联实体类34I
relationClass34K,新增的关联实体类34K
relationClass34M,新增的关联实体类34M
relationClass34O,新增的关联实体类34O
relationClass34Q,新增的关联实体类34Q
relationClass34S,新增的关联实体类34S
relationClass35A,新增的关联实体类35A
relationClass35C,新增的关联实体类35C
relationClass35E,新增的关联实体类35E
relationClass35G,新增的关联实体类35G
relationClass35I,新增的关联实体类35I
relationClass35K,新增的关联实体类35K
relationClass35M,新增的关联实体类35M
relationClass35O,新增的关联实体类35O
relationClass35Q,新增的关联实体类35Q
relationClass35S,新增的关联实体类35S
relationClass36A,新增的关联实体类36A
relationClass36C,新增的关联实体类36C
relationClass36E,新增的关联实体类36E
relationClass36G,新增的关联实体类36G
relationClass36I,新增的关联实体类36I
relationClass36K,新增的关联实体类36K
relationClass36M,新增的关联实体类36M
relationClass36O,新增的关联实体类36O
relationClass36Q,新增的关联实体类36Q
relationClass36S,新增的关联实体类36S
relationClass37A,新增的关联实体类37A
relationClass37C,新增的关联实体类37C
relationClass37E,新增的关联实体类37E
relationClass37G,新增的关联实体类37G
relationClass37I,新增的关联实体类37I
relationClass37K,新增的关联实体类37K
relationClass37M,新增的关联实体类37M
relationClass37O,新增的关联实体类37O
relationClass37Q,新增的关联实体类37Q
relationClass37S,新增的关联实体类37S
relationClass38A,新增的关联实体类38A
relationClass38C,新增的关联实体类38C
relationClass38E,新增的关联实体类38E
relationClass38G,新增的关联实体类38G
relationClass38I,新增的关联实体类38I
relationClass38K,新增的关联实体类38K
relationClass38M,新增的关联实体类38M
relationClass38O,新增的关联实体类38O
relationClass38Q,新增的关联实体类38Q
relationClass38S,新增的关联实体类38S
relationClass39A,新增的关联实体类39A
relationClass39C,新增的关联实体类39C
relationClass39E,新增的关联实体类39E
relationClass39G,新增的关联实体类39G
relationClass39I,新增的关联实体类39I
relationClass39K,新增的关联实体类39K
relationClass39M,新增的关联实体类39M
relationClass39O,新增的关联实体类39O
relationClass39Q,新增的关联实体类39Q
relationClass39S,新增的关联实体类39S
relationClass40A,新增的关联实体类40A
relationClass40C,新增的关联实体类40C
relationClass40E,新增的关联实体类40E
relationClass40G,新增的关联实体类40G
relationClass40I,新增的关联实体类40I
relationClass40K,新增的关联实体类40K
relationClass40M,新增的关联实体类40M
relationClass40O,新增的关联实体类40O
relationClass40Q,新增的关联实体类40Q
relationClass40S,新增的关联实体类40S
relationClass41A,新增的关联实体类41A
relationClass41C,新增的关联实体类41C
relationClass41E,新增的关联实体类41E
relationClass41G,新增的关联实体类41G
relationClass41I,新增的关联实体类41I
relationClass41K,新增的关联实体类41K
relationClass41M,新增的关联实体类41M
relationClass41O,新增的关联实体类41O
relationClass41Q,新增的关联实体类41Q
relationClass41S,新增的关联实体类41S
relationClass42A,新增的关联实体类42A
relationClass42C,新增的关联实体类42C
relationClass42E,新增的关联实体类42E
relationClass42G,新增的关联实体类42G
relationClass42I,新增的关联实体类42I
relationClass42K,新增的关联实体类42K
relationClass42M,新增的关联实体类42M
relationClass42O,新增的关联实体类42O
relationClass42Q,新增的关联实体类42Q
relationClass42S,新增的关联实体类42S
relationClass43A,新增的关联实体类43A
relationClass43C,新增的关联实体类43C
relationClass43E,新增的关联实体类43E
relationClass43G,新增的关联实体类43G
relationClass43I,新增的关联实体类43I
relationClass43K,新增的关联实体类43K
relationClass43M,新增的关联实体类43M
relationClass43O,新增的关联实体类43O
relationClass43Q,新增的关联实体类43Q
relationClass43S,新增的关联实体类43S
relationClass44A,新增的关联实体类44A
relationClass44C,新增的关联实体类44C
relationClass44E,新增的关联实体类44E
relationClass44G,新增的关联实体类44G
relationClass44I,新增的关联实体类44I
relationClass44K,新增的关联实体类44K
relationClass44M,新增的关联实体类44M
relationClass44O,新增的关联实体类44O
relationClass44Q,新增的关联实体类44Q
relationClass44S,新增的关联实体类44S
relationClass45A,新增的关联实体类45A
relationClass45C,新增的关联实体类45C
relationClass45E,新增的关联实体类45E
relationClass45G,新增的关联实体类45G
relationClass45I,新增的关联实体类45I
relationClass45K,新增的关联实体类45K
relationClass45M,新增的关联实体类45M
relationClass45O,新增的关联实体类45O
relationClass45Q,新增的关联实体类45Q
relationClass45S,新增的关联实体类45S
relationClass46A,新增的关联实体类46A
relationClass46C,新增的关联实体类46C
relationClass46E,新增的关联实体类46E
relationClass46G,新增的关联实体类46G
relationClass46I,新增的关联实体类46I
relationClass46K,新增的关联实体类46K
relationClass46M,新增的关联实体类46M
relationClass46O,新增的关联实体类46O
relationClass46Q,新增的关联实体类46Q
relationClass46S,新增的关联实体类46S
relationClass47A,新增的关联实体类47A
relationClass47C,新增的关联实体类47C
relationClass47E,新增的关联实体类47E
relationClass47G,新增的关联实体类47G
relationClass47I,新增的关联实体类47I
relationClass47K,新增的关联实体类47K
relationClass47M,新增的关联实体类47M
relationClass47O,新增的关联实体类47O
relationClass47Q,新增的关联实体类47Q
relationClass47S,新增的关联实体类47S
relationClass48A,新增的关联实体类48A
relationClass48C,新增的关联实体类48C
relationClass48E,新增的关联实体类48E
relationClass48G,新增的关联实体类48G
relationClass48I,新增的关联实体类48I
relationClass48K,新增的关联实体类48K
relationClass48M,新增的关联实体类48M
relationClass48O,新增的关联实体类48O
relationClass48Q,新增的关联实体类48Q
relationClass48S,新增的关联实体类48S
relationClass49A,新增的关联实体类49A
relationClass49C,新增的关联实体类49C
relationClass49E,新增的关联实体类49E
relationClass49G,新增的关联实体类49G
relationClass49I,新增的关联实体类49I
relationClass49K,新增的关联实体类49K
relationClass49M,新增的关联实体类49M
relationClass49O,新增的关联实体类49O
relationClass49Q,新增的关联实体类49Q
relationClass49S,新增的关联实体类49S
relationClass50A,新增的关联实体类50A
relationClass50C,新增的关联实体类50C
relationClass50E,新增的关联实体类50E
relationClass50G,新增的关联实体类50G
relationClass50I,新增的关联实体类50I
relationClass50K,新增的关联实体类50K
relationClass50M,新增的关联实体类50M
relationClass50O,新增的关联实体类50O
relationClass50Q,新增的关联实体类50Q
relationClass50S,新增的关联实体类50S
relationClass51A,新增的关联实体类51A
relationClass51C,新增的关联实体类51C
relationClass51E,新增的关联实体类51E
relationClass51G,新增的关联实体类51G
relationClass51I,新增的关联实体类51I
relationClass51K,新增的关联实体类51K
relationClass51M,新增的关联实体类51M
relationClass51O,新增的关联实体类51O
relationClass51Q,新增的关联实体类51Q
relationClass51S,新增的关联实体类51S
relationClass52A,新增的关联实体类52A
relationClass52C,新增的关联实体类52C
relationClass52E,新增的关联实体类52E
relationClass52G,新增的关联实体类52G
relationClass52I,新增的关联实体类52I
relationClass52K,新增的关联实体类52K
relationClass52M,新增的关联实体类52M
relationClass52O,新增的关联实体类52O
relationClass52Q,新增的关联实体类52Q
relationClass52S,新增的关联实体类52S
relationClass53A,新增的关联实体类53A
relationClass53C,新增的关联实体类53C
relationClass53E,新增的关联实体类53E
relationClass53G,新增的关联实体类53G
relationClass53I,新增的关联实体类53I
relationClass53K,新增的关联实体类53K
relationClass53M,新增的关联实体类53M
relationClass53O,新增的关联实体类53O
relationClass53Q,新增的关联实体类53Q
relationClass53S,新增的关联实体类53S
relationClass54A,新增的关联实体类54A
relationClass54C,新增的关联实体类54C
relationClass54E,新增的关联实体类54E
relationClass54G,新增的关联实体类54G
relationClass54I,新增的关联实体类54I
relationClass54K,新增的关联实体类54K
relationClass54M,新增的关联实体类54M
relationClass54O,新增的关联实体类54O
relationClass54Q,新增的关联实体类54Q
relationClass54S,新增的关联实体类54S
relationClass55A,新增的关联实体类55A
relationClass55C,新增的关联实体类55C
relationClass55E,新增的关联实体类55E
relationClass55G,新增的关联实体类55G
relationClass55I,新增的关联实体类55I
relationClass55K,新增的关联实体类55K
relationClass55M,新增的关联实体类55M
relationClass55O,新增的关联实体类55O
relationClass55Q,新增的关联实体类55Q
relationClass55S,新增的关联实体类55S
relationClass56A,新增的关联实体类56A
relationClass56C,新增的关联实体类56C
relationClass56E,新增的关联实体类56E
relationClass56G,新增的关联实体类56G
relationClass56I,新增的关联实体类56I
relationClass56K,新增的关联实体类56K
relationClass56M,新增的关联实体类56M
relationClass56O,新增的关联实体类56O
relationClass56Q,新增的关联实体类56Q
relationClass56S,新增的关联实体类56S
relationClass57A,新增的关联实体类57A
relationClass57C,新增的关联实体类57C
relationClass57E,新增的关联实体类57E
relationClass57G,新增的关联实体类57G
relationClass57I,新增的关联实体类57I
relationClass57K,新增的关联实体类57K
relationClass57M,新增的关联实体类57M
relationClass57O,新增的关联实体类57O
relationClass57Q,新增的关联实体类57Q
relationClass57S,新增的关联实体类57S
relationClass58A,新增的关联实体类58A
relationClass58C,新增的关联实体类58C
relationClass58E,新增的关联实体类58E
relationClass58G,新增的关联实体类58G
relationClass58I,新增的关联实体类58I
relationClass58K,新增的关联实体类58K
relationClass58M,新增的关联实体类58M
relationClass58O,新增的关联实体类58O
relationClass58Q,新增的关联实体类58Q
relationClass58S,新增的关联实体类58S
relationClass59A,新增的关联实体类59A
relationClass59C,新增的关联实体类59C
relationClass59E,新增的关联实体类59E
relationClass59G,新增的关联实体类59G
relationClass59I,新增的关联实体类59I
relationClass59K,新增的关联实体类59K
relationClass59M,新增的关联实体类59M
relationClass59O,新增的关联实体类59O
relationClass59Q,新增的关联实体类59Q
relationClass59S,新增的关联实体类59S
relationClass60A,新增的关联实体类60A
relationClass60C,新增的关联实体类60C
relationClass60E,新增的关联实体类60E
relationClass60G,新增的关联实体类60G
relationClass60I,新增的关联实体类60I
relationClass60K,新增的关联实体类60K
relationClass60M,新增的关联实体类60M
relationClass60O,新增的关联实体类60O
relationClass60Q,新增的关联实体类60Q
relationClass60S,新增的关联实体类60S
relationClass61A,新增的关联实体类61A
relationClass61C,新增的关联实体类61C
relationClass61E,新增的关联实体类61E
relationClass61G,新增的关联实体类61G
relationClass61I,新增的关联实体类61I
relationClass61K,新增的关联实体类61K
relationClass61M,新增的关联实体类61M
relationClass61O,新增的关联实体类61O
relationClass61Q,新增的关联实体类61Q
relationClass61S,新增的关联实体类61S
relationClass62A,新增的关联实体类62A
relationClass62C,新增的关联实体类62C
relationClass62E,新增的关联实体类62E
relationClass62G,新增的关联实体类62G
relationClass62I,新增的关联实体类62I
relationClass62K,新增的关联实体类62K
relationClass62M,新增的关联实体类62M
relationClass62O,新增的关联实体类62O
relationClass62Q,新增的关联实体类62Q
relationClass62S,新增的关联实体类62S
relationClass63A,新增的关联实体类63A
relationClass63C,新增的关联实体类63C
relationClass63E,新增的关联实体类63E
relationClass63G,新增的关联实体类63G
relationClass63I,新增的关联实体类63I
relationClass63K,新增的关联实体类63K
relationClass63M,新增的关联实体类63M
relationClass63O,新增的关联实体类63O
relationClass63Q,新增的关联实体类63Q
relationClass63S,新增的关联实体类63S
relationClass64A,新增的关联实体类64A
relationClass64C,新增的关联实体类64C
relationClass64E,新增的关联实体类64E
relationClass64G,新增的关联实体类64G
relationClass64I,新增的关联实体类64I
relationClass64K,新增的关联实体类64K
relationClass64M,新增的关联实体类64M
relationClass64O,新增的关联实体类64O
relationClass64Q,新增的关联实体类64Q
relationClass64S,新增的关联实体类64S
relationClass65A,新增的关联实体类65A
relationClass65C,新增的关联实体类65C
relationClass65E,新增的关联实体类65E
relationClass65G,新增的关联实体类65G
relationClass65I,新增的关联实体类65I
relationClass65K,新增的关联实体类65K
relationClass65M,新增的关联实体类65M
relationClass65O,新增的关联实体类65O
relationClass65Q,新增的关联实体类65Q
relationClass65S,新增的关联实体类65S
relationClass66A,新增的关联实体类66A
relationClass66C,新增的关联实体类66C
relationClass66E,新增的关联实体类66E
relationClass66G,新增的关联实体类66G
relationClass66I,新增的关联实体类66I
relationClass66K,新增的关联实体类66K
relationClass66M,新增的关联实体类66M
relationClass66O,新增的关联实体类66O
relationClass66Q,新增的关联实体类66Q
relationClass66S,新增的关联实体类66S
relationClass67A,新增的关联实体类67A
relationClass67C,新增的关联实体类67C
relationClass67E,新增的关联实体类67E
relationClass67G,新增的关联实体类67G
relationClass67I,新增的关联实体类67I
relationClass67K,新增的关联实体类67K
relationClass67M,新增的关联实体类67M
relationClass67O,新增的关联实体类67O
relationClass67Q,新增的关联实体类67Q
relationClass67S,新增的关联实体类67S
relationClass68A,新增的关联实体类68A
relationClass68C,新增的关联实体类68C
relationClass68E,新增的关联实体类68E
relationClass68G,新增的关联实体类68G
relationClass68I,新增的关联实体类68I
relationClass68K,新增的关联实体类68K
relationClass68M,新增的关联实体类68M
relationClass68O,新增的关联实体类68O
relationClass68Q,新增的关联实体类68Q
relationClass68S,新增的关联实体类68S
relationClass69A,新增的关联实体类69A
relationClass69C,新增的关联实体类69C
relationClass69E,新增的关联实体类69E
relationClass69G,新增的关联实体类69G
relationClass69I,新增的关联实体类69I
relationClass69K,新增的关联实体类69K
relationClass69M,新增的关联实体类69M
relationClass69O,新增的关联实体类69O
relationClass69Q,新增的关联实体类69Q
relationClass69S,新增的关联实体类69S
relationClass70A,新增的关联实体类70A
relationClass70C,新增的关联实体类70C
relationClass70E,新增的关联实体类70E
relationClass70G,新增的关联实体类70G
relationClass70I,新增的关联实体类70I
relationClass70K,新增的关联实体类70K
relationClass70M,新增的关联实体类70M
relationClass70O,新增的关联实体类70O
relationClass70Q,新增的关联实体类70Q
relationClass70S,新增的关联实体类70S
relationClass71A,新增的关联实体类71A
relationClass71C,新增的关联实体类71C
relationClass71E,新增的关联实体类71E
relationClass71G,新增的关联实体类71G
relationClass71I,新增的关联实体类71I
relationClass71K,新增的关联实体类71K
relationClass71M,新增的关联实体类71M
relationClass71O,新增的关联实体类71O
relationClass71Q,新增的关联实体类71Q
relationClass71S,新增的关联实体类71S
relationClass72A,新增的关联实体类72A
relationClass72C,新增的关联实体类72C
relationClass72E,新增的关联实体类72E
relationClass72G,新增的关联实体类72G
relationClass72I,新增的关联实体类72I
relationClass72K,新增的关联实体类72K
relationClass72M,新增的关联实体类72M
relationClass72O,新增的关联实体类72O
relationClass72Q,新增的关联实体类72Q
relationClass72S,新增的关联实体类72S
relationClass73A,新增的关联实体类73A
relationClass73C,新增的关联实体类73C
relationClass73E,新增的关联实体类73E
relationClass73G,新增的关联实体类73G
relationClass73I,新增的关联实体类73I
relationClass73K,新增的关联实体类73K
relationClass73M,新增的关联实体类73M
relationClass73O,新增的关联实体类73O
relationClass73Q,新增的关联实体类73Q
relationClass73S,新增的关联实体类73S
relationClass74A,新增的关联实体类74A
relationClass74C,新增的关联实体类74C
relationClass74E,新增的关联实体类74E
relationClass74G,新增的关联实体类74G
relationClass74I,新增的关联实体类74I
relationClass74K,新增的关联实体类74K
relationClass74M,新增的关联实体类74M
relationClass74O,新增的关联实体类74O
relationClass74Q,新增的关联实体类74Q
relationClass74S,新增的关联实体类74S
relationClass75A,新增的关联实体类75A
relationClass75C,新增的关联实体类75C
relationClass75E,新增的关联实体类75E
relationClass75G,新增的关联实体类75G
relationClass75I,新增的关联实体类75I
relationClass75K,新增的关联实体类75K
relationClass75M,新增的关联实体类75M
relationClass75O,新增的关联实体类75O
relationClass75Q,新增的关联实体类75Q
relationClass75S,新增的关联实体类75S
relationClass76A,新增的关联实体类76A
relationClass76C,新增的关联实体类76C
relationClass76E,新增的关联实体类76E
relationClass76G,新增的关联实体类76G
relationClass76I,新增的关联实体类76I
relationClass76K,新增的关联实体类76K
relationClass76M,新增的关联实体类76M
relationClass76O,新增的关联实体类76O
relationClass76Q,新增的关联实体类76Q
relationClass76S,新增的关联实体类76S
relationClass77A,新增的关联实体类77A
relationClass77C,新增的关联实体类77C
relationClass77E,新增的关联实体类77E
relationClass77G,新增的关联实体类77G
relationClass77I,新增的关联实体类77I
relationClass77K,新增的关联实体类77K
relationClass77M,新增的关联实体类77M
relationClass77O,新增的关联实体类77O
relationClass77Q,新增的关联实体类77Q
relationClass77S,新增的关联实体类77S
relationClass78A,新增的关联实体类78A
relationClass78C,新增的关联实体类78C
relationClass78E,新增的关联实体类78E
relationClass78G,新增的关联实体类78G
relationClass78I,新增的关联实体类78I
relationClass78K,新增的关联实体类78K
relationClass78M,新增的关联实体类78M
relationClass78O,新增的关联实体类78O
relationClass78Q,新增的关联实体类78Q
relationClass78S,新增的关联实体类78S
relationClass79A,新增的关联实体类79A
relationClass79C,新增的关联实体类79C
relationClass79E,新增的关联实体类79E
relationClass79G,新增的关联实体类79G
relationClass79I,新增的关联实体类79I
relationClass79K,新增的关联实体类79K
relationClass79M,新增的关联实体类79M
relationClass79O,新增的关联实体类79O
relationClass79Q,新增的关联实体类79Q
relationClass79S,新增的关联实体类79S
relationClass80A,新增的关联实体类80A
relationClass80C,新增的关联实体类80C
relationClass80E,新增的关联实体类80E
relationClass80G,新增的关联实体类80G
relationClass80I,新增的关联实体类80I
relationClass80K,新增的关联实体类80K
relationClass80M,新增的关联实体类80M
relationClass80O,新增的关联实体类80O
relationClass80Q,新增的关联实体类80Q
relationClass80S,新增的关联实体类80S
relationClass81A,新增的关联实体类81A
relationClass81C,新增的关联实体类81C
relationClass81E,新增的关联实体类81E
relationClass81G,新增的关联实体类81G
relationClass81I,新增的关联实体类81I
relationClass81K,新增的关联实体类81K
relationClass81M,新增的关联实体类81M
relationClass81O,新增的关联实体类81O
relationClass81Q,新增的关联实体类81Q
relationClass81S,新增的关联实体类81S
relationClass82A,新增的关联实体类82A
relationClass82C,新增的关联实体类82C
relationClass82E,新增的关联实体类82E
relationClass82G,新增的关联实体类82G
relationClass82I,新增的关联实体类82I
relationClass82K,新增的关联实体类82K
relationClass82M,新增的关联实体类82M
relationClass82O,新增的关联实体类82O
relationClass82Q,新增的关联实体类82Q
relationClass82S,新增的关联实体类82S
relationClass83A,新增的关联实体类83A
relationClass83C,新增的关联实体类83C
relationClass83E,新增的关联实体类83E
relationClass83G,新增的关联实体类83G
relationClass83I,新增的关联实体类83I
relationClass83K,新增的关联实体类83K
relationClass83M,新增的关联实体类83M
relationClass83O,新增的关联实体类83O
relationClass83Q,新增的关联实体类83Q
relationClass83S,新增的关联实体类83S
relationClass84A,新增的关联实体类84A
relationClass84C,新增的关联实体类84C
relationClass84E,新增的关联实体类84E
relationClass84G,新增的关联实体类84G
relationClass84I,新增的关联实体类84I
relationClass84K,新增的关联实体类84K
relationClass84M,新增的关联实体类84M
relationClass84O,新增的关联实体类84O
relationClass84Q,新增的关联实体类84Q
relationClass84S,新增的关联实体类84S
relationClass85A,新增的关联实体类85A
relationClass85C,新增的关联实体类85C
relationClass85E,新增的关联实体类85E
relationClass85G,新增的关联实体类85G
relationClass85I,新增的关联实体类85I
relationClass85K,新增的关联实体类85K
relationClass85M,新增的关联实体类85M
relationClass85O,新增的关联实体类85O
relationClass85Q,新增的关联实体类85Q
relationClass85S,新增的关联实体类85S
relationClass86A,新增的关联实体类86A
relationClass86C,新增的关联实体类86C
relationClass86E,新增的关联实体类86E
relationClass86G,新增的关联实体类86G
relationClass86I,新增的关联实体类86I
relationClass86K,新增的关联实体类86K
relationClass86M,新增的关联实体类86M
relationClass86O,新增的关联实体类86O
relationClass86Q,新增的关联实体类86Q
relationClass86S,新增的关联实体类86S
relationClass87A,新增的关联实体类87A
relationClass87C,新增的关联实体类87C
relationClass87E,新增的关联实体类87E
relationClass87G,新增的关联实体类87G
relationClass87I,新增的关联实体类87I
relationClass87K,新增的关联实体类87K
relationClass87M,新增的关联实体类87M
relationClass87O,新增的关联实体类87O
relationClass87Q,新增的关联实体类87Q
relationClass87S,新增的关联实体类87S
relationClass88A,新增的关联实体类88A
relationClass88C,新增的关联实体类88C
relationClass88E,新增的关联实体类88E
relationClass88G,新增的关联实体类88G
relationClass88I,新增的关联实体类88I
relationClass88K,新增的关联实体类88K
relationClass88M,新增的关联实体类88M
relationClass88O,新增的关联实体类88O
relationClass88Q,新增的关联实体类88Q
relationClass88S,新增的关联实体类88S
relationClass89A,新增的关联实体类89A
relationClass89C,新增的关联实体类89C
relationClass89E,新增的关联实体类89E
relationClass89G,新增的关联实体类89G
relationClass89I,新增的关联实体类89I
relationClass89K,新增的关联实体类89K
relationClass89M,新增的关联实体类89M
relationClass89O,新增的关联实体类89O
relationClass89Q,新增的关联实体类89Q
relationClass89S,新增的关联实体类89S
relationClass90A,新增的关联实体类90A
relationClass90C,新增的关联实体类90C
relationClass90E,新增的关联实体类90E
relationClass90G,新增的关联实体类90G
relationClass90I,新增的关联实体类90I
relationClass90K,新增的关联实体类90K
relationClass90M,新增的关联实体类90M
relationClass90O,新增的关联实体类90O
relationClass90Q,新增的关联实体类90Q
relationClass90S,新增的关联实体类90S
relationClass91A,新增的关联实体类91A
relationClass91C,新增的关联实体类91C
relationClass91E,新增的关联实体类91E
relationClass91G,新增的关联实体类91G
relationClass91I,新增的关联实体类91I
relationClass91K,新增的关联实体类91K
relationClass91M,新增的关联实体类91M
relationClass91O,新增的关联实体类91O
relationClass91Q,新增的关联实体类91Q
relationClass91S,新增的关联实体类91S
relationClass92A,新增的关联实体类92A
relationClass92C,新增的关联实体类92C
relationClass92E,新增的关联实体类92E
relationClass92G,新增的关联实体类92G
relationClass92I,新增的关联实体类92I
relationClass92K,新增的关联实体类92K
relationClass92M,新增的关联实体类92M
relationClass92O,新增的关联实体类92O
relationClass92Q,新增的关联实体类92Q
relationClass92S,新增的关联实体类92S
relationClass93A,新增的关联实体类93A
relationClass93C,新增的关联实体类93C
relationClass93E,新增的关联实体类93E
relationClass93G,新增的关联实体类93G
relationClass93I,新增的关联实体类93I
relationClass93K,新增的关联实体类93K
relationClass93M,新增的关联实体类93M
relationClass93O,新增的关联实体类93O
relationClass93Q,新增的关联实体类93Q
relationClass93S,新增的关联实体类93S
relationClass94A,新增的关联实体类94A
relationClass94C,新增的关联实体类94C
relationClass94E,新增的关联实体类94E
relationClass94G,新增的关联实体类94G
relationClass94I,新增的关联实体类94I
relationClass94K,新增的关联实体类94K
relationClass94M,新增的关联实体类94M
relationClass94O,新增的关联实体类94O
relationClass94Q,新增的关联实体类94Q
relationClass94S,新增的关联实体类94S
relationClass95A,新增的关联实体类95A
relationClass95C,新增的关联实体类95C
relationClass95E,新增的关联实体类95E
relationClass95G,新增的关联实体类95G
relationClass95I,新增的关联实体类95I
relationClass95K,新增的关联实体类95K
relationClass95M,新增的关联实体类95M
relationClass95O,新增的关联实体类95O
relationClass95Q,新增的关联实体类95Q
relationClass95S,新增的关联实体类95S
relationClass96A,新增的关联实体类96A
relationClass96C,新增的关联实体类96C
relationClass96E,新增的关联实体类96E
relationClass96G,新增的关联实体类96G
relationClass96I,新增的关联实体类96I
relationClass96K,新增的关联实体类96K
relationClass96M,新增的关联实体类96M
relationClass96O,新增的关联实体类96O
relationClass96Q,新增的关联实体类96Q
relationClass96S,新增的关联实体类96S
relationClass97A,新增的关联实体类97A
relationClass97C,新增的关联实体类97C
relationClass97E,新增的关联实体类97E
relationClass97G,新增的关联实体类97G
relationClass97I,新增的关联实体类97I
relationClass97K,新增的关联实体类97K
relationClass97M,新增的关联实体类97M
relationClass97O,新增的关联实体类97O
relationClass97Q,新增的关联实体类97Q
relationClass97S,新增的关联实体类97S
relationClass98A,新增的关联实体类98A
relationClass98C,新增的关联实体类98C
relationClass98E,新增的关联实体类98E
relationClass98G,新增的关联实体类98G
relationClass98I,新增的关联实体类98I
relationClass98K,新增的关联实体类98K
relationClass98M,新增的关联实体类98M
relationClass98O,新增的关联实体类98O
relationClass98Q,新增的关联实体类98Q
relationClass98S,新增的关联实体类98S
relationClass99A,新增的关联实体类99A
relationClass99C,新增的关联实体类99C
relationClass99E,新增的关联实体类99E
relationClass99G,新增的关联实体类99G
relationClass99I,新增的关联实体类99I
relationClass99K,新增的关联实体类99K
relationClass99M,新增的关联实体类99M
relationClass99O,新增的关联实体类99O
relationClass99Q,新增的关联实体类99Q
relationClass99S,新增的关联实体类99S
relationClass100A,新增的关联实体类100A
relationClass100C,新增的关联实体类100C
relationClass100E,新增的关联实体类100E
relationClass100G,新增的关联实体类100G
relationClass100I,新增的关联实体类100I
relationClass100K,新增的关联实体类100K
relationClass100M,新增的关联实体类100M
relationClass100O,新增的关联实体类100O
relationClass100Q,新增的关联实体类100Q
relationClass100S,新增的关联实体类100S
