relationClass1B,新增的关联实体类1B
relationClass1D,新增的关联实体类1D
relationClass1F,新增的关联实体类1F
relationClass1H,新增的关联实体类1H
relationClass1J,新增的关联实体类1J
relationClass1L,新增的关联实体类1L
relationClass1N,新增的关联实体类1N
relationClass1P,新增的关联实体类1P
relationClass1R,新增的关联实体类1R
relationClass1T,新增的关联实体类1T
relationClass2B,新增的关联实体类2B
relationClass2D,新增的关联实体类2D
relationClass2F,新增的关联实体类2F
relationClass2H,新增的关联实体类2H
relationClass2J,新增的关联实体类2J
relationClass2L,新增的关联实体类2L
relationClass2N,新增的关联实体类2N
relationClass2P,新增的关联实体类2P
relationClass2R,新增的关联实体类2R
relationClass2T,新增的关联实体类2T
relationClass3B,新增的关联实体类3B
relationClass3D,新增的关联实体类3D
relationClass3F,新增的关联实体类3F
relationClass3H,新增的关联实体类3H
relationClass3J,新增的关联实体类3J
relationClass3L,新增的关联实体类3L
relationClass3N,新增的关联实体类3N
relationClass3P,新增的关联实体类3P
relationClass3R,新增的关联实体类3R
relationClass3T,新增的关联实体类3T
relationClass4B,新增的关联实体类4B
relationClass4D,新增的关联实体类4D
relationClass4F,新增的关联实体类4F
relationClass4H,新增的关联实体类4H
relationClass4J,新增的关联实体类4J
relationClass4L,新增的关联实体类4L
relationClass4N,新增的关联实体类4N
relationClass4P,新增的关联实体类4P
relationClass4R,新增的关联实体类4R
relationClass4T,新增的关联实体类4T
relationClass5B,新增的关联实体类5B
relationClass5D,新增的关联实体类5D
relationClass5F,新增的关联实体类5F
relationClass5H,新增的关联实体类5H
relationClass5J,新增的关联实体类5J
relationClass5L,新增的关联实体类5L
relationClass5N,新增的关联实体类5N
relationClass5P,新增的关联实体类5P
relationClass5R,新增的关联实体类5R
relationClass5T,新增的关联实体类5T
relationClass6B,新增的关联实体类6B
relationClass6D,新增的关联实体类6D
relationClass6F,新增的关联实体类6F
relationClass6H,新增的关联实体类6H
relationClass6J,新增的关联实体类6J
relationClass6L,新增的关联实体类6L
relationClass6N,新增的关联实体类6N
relationClass6P,新增的关联实体类6P
relationClass6R,新增的关联实体类6R
relationClass6T,新增的关联实体类6T
relationClass7B,新增的关联实体类7B
relationClass7D,新增的关联实体类7D
relationClass7F,新增的关联实体类7F
relationClass7H,新增的关联实体类7H
relationClass7J,新增的关联实体类7J
relationClass7L,新增的关联实体类7L
relationClass7N,新增的关联实体类7N
relationClass7P,新增的关联实体类7P
relationClass7R,新增的关联实体类7R
relationClass7T,新增的关联实体类7T
relationClass8B,新增的关联实体类8B
relationClass8D,新增的关联实体类8D
relationClass8F,新增的关联实体类8F
relationClass8H,新增的关联实体类8H
relationClass8J,新增的关联实体类8J
relationClass8L,新增的关联实体类8L
relationClass8N,新增的关联实体类8N
relationClass8P,新增的关联实体类8P
relationClass8R,新增的关联实体类8R
relationClass8T,新增的关联实体类8T
relationClass9B,新增的关联实体类9B
relationClass9D,新增的关联实体类9D
relationClass9F,新增的关联实体类9F
relationClass9H,新增的关联实体类9H
relationClass9J,新增的关联实体类9J
relationClass9L,新增的关联实体类9L
relationClass9N,新增的关联实体类9N
relationClass9P,新增的关联实体类9P
relationClass9R,新增的关联实体类9R
relationClass9T,新增的关联实体类9T
relationClass10B,新增的关联实体类10B
relationClass10D,新增的关联实体类10D
relationClass10F,新增的关联实体类10F
relationClass10H,新增的关联实体类10H
relationClass10J,新增的关联实体类10J
relationClass10L,新增的关联实体类10L
relationClass10N,新增的关联实体类10N
relationClass10P,新增的关联实体类10P
relationClass10R,新增的关联实体类10R
relationClass10T,新增的关联实体类10T
relationClass11B,新增的关联实体类11B
relationClass11D,新增的关联实体类11D
relationClass11F,新增的关联实体类11F
relationClass11H,新增的关联实体类11H
relationClass11J,新增的关联实体类11J
relationClass11L,新增的关联实体类11L
relationClass11N,新增的关联实体类11N
relationClass11P,新增的关联实体类11P
relationClass11R,新增的关联实体类11R
relationClass11T,新增的关联实体类11T
relationClass12B,新增的关联实体类12B
relationClass12D,新增的关联实体类12D
relationClass12F,新增的关联实体类12F
relationClass12H,新增的关联实体类12H
relationClass12J,新增的关联实体类12J
relationClass12L,新增的关联实体类12L
relationClass12N,新增的关联实体类12N
relationClass12P,新增的关联实体类12P
relationClass12R,新增的关联实体类12R
relationClass12T,新增的关联实体类12T
relationClass13B,新增的关联实体类13B
relationClass13D,新增的关联实体类13D
relationClass13F,新增的关联实体类13F
relationClass13H,新增的关联实体类13H
relationClass13J,新增的关联实体类13J
relationClass13L,新增的关联实体类13L
relationClass13N,新增的关联实体类13N
relationClass13P,新增的关联实体类13P
relationClass13R,新增的关联实体类13R
relationClass13T,新增的关联实体类13T
relationClass14B,新增的关联实体类14B
relationClass14D,新增的关联实体类14D
relationClass14F,新增的关联实体类14F
relationClass14H,新增的关联实体类14H
relationClass14J,新增的关联实体类14J
relationClass14L,新增的关联实体类14L
relationClass14N,新增的关联实体类14N
relationClass14P,新增的关联实体类14P
relationClass14R,新增的关联实体类14R
relationClass14T,新增的关联实体类14T
relationClass15B,新增的关联实体类15B
relationClass15D,新增的关联实体类15D
relationClass15F,新增的关联实体类15F
relationClass15H,新增的关联实体类15H
relationClass15J,新增的关联实体类15J
relationClass15L,新增的关联实体类15L
relationClass15N,新增的关联实体类15N
relationClass15P,新增的关联实体类15P
relationClass15R,新增的关联实体类15R
relationClass15T,新增的关联实体类15T
relationClass16B,新增的关联实体类16B
relationClass16D,新增的关联实体类16D
relationClass16F,新增的关联实体类16F
relationClass16H,新增的关联实体类16H
relationClass16J,新增的关联实体类16J
relationClass16L,新增的关联实体类16L
relationClass16N,新增的关联实体类16N
relationClass16P,新增的关联实体类16P
relationClass16R,新增的关联实体类16R
relationClass16T,新增的关联实体类16T
relationClass17B,新增的关联实体类17B
relationClass17D,新增的关联实体类17D
relationClass17F,新增的关联实体类17F
relationClass17H,新增的关联实体类17H
relationClass17J,新增的关联实体类17J
relationClass17L,新增的关联实体类17L
relationClass17N,新增的关联实体类17N
relationClass17P,新增的关联实体类17P
relationClass17R,新增的关联实体类17R
relationClass17T,新增的关联实体类17T
relationClass18B,新增的关联实体类18B
relationClass18D,新增的关联实体类18D
relationClass18F,新增的关联实体类18F
relationClass18H,新增的关联实体类18H
relationClass18J,新增的关联实体类18J
relationClass18L,新增的关联实体类18L
relationClass18N,新增的关联实体类18N
relationClass18P,新增的关联实体类18P
relationClass18R,新增的关联实体类18R
relationClass18T,新增的关联实体类18T
relationClass19B,新增的关联实体类19B
relationClass19D,新增的关联实体类19D
relationClass19F,新增的关联实体类19F
relationClass19H,新增的关联实体类19H
relationClass19J,新增的关联实体类19J
relationClass19L,新增的关联实体类19L
relationClass19N,新增的关联实体类19N
relationClass19P,新增的关联实体类19P
relationClass19R,新增的关联实体类19R
relationClass19T,新增的关联实体类19T
relationClass20B,新增的关联实体类20B
relationClass20D,新增的关联实体类20D
relationClass20F,新增的关联实体类20F
relationClass20H,新增的关联实体类20H
relationClass20J,新增的关联实体类20J
relationClass20L,新增的关联实体类20L
relationClass20N,新增的关联实体类20N
relationClass20P,新增的关联实体类20P
relationClass20R,新增的关联实体类20R
relationClass20T,新增的关联实体类20T
relationClass21B,新增的关联实体类21B
relationClass21D,新增的关联实体类21D
relationClass21F,新增的关联实体类21F
relationClass21H,新增的关联实体类21H
relationClass21J,新增的关联实体类21J
relationClass21L,新增的关联实体类21L
relationClass21N,新增的关联实体类21N
relationClass21P,新增的关联实体类21P
relationClass21R,新增的关联实体类21R
relationClass21T,新增的关联实体类21T
relationClass22B,新增的关联实体类22B
relationClass22D,新增的关联实体类22D
relationClass22F,新增的关联实体类22F
relationClass22H,新增的关联实体类22H
relationClass22J,新增的关联实体类22J
relationClass22L,新增的关联实体类22L
relationClass22N,新增的关联实体类22N
relationClass22P,新增的关联实体类22P
relationClass22R,新增的关联实体类22R
relationClass22T,新增的关联实体类22T
relationClass23B,新增的关联实体类23B
relationClass23D,新增的关联实体类23D
relationClass23F,新增的关联实体类23F
relationClass23H,新增的关联实体类23H
relationClass23J,新增的关联实体类23J
relationClass23L,新增的关联实体类23L
relationClass23N,新增的关联实体类23N
relationClass23P,新增的关联实体类23P
relationClass23R,新增的关联实体类23R
relationClass23T,新增的关联实体类23T
relationClass24B,新增的关联实体类24B
relationClass24D,新增的关联实体类24D
relationClass24F,新增的关联实体类24F
relationClass24H,新增的关联实体类24H
relationClass24J,新增的关联实体类24J
relationClass24L,新增的关联实体类24L
relationClass24N,新增的关联实体类24N
relationClass24P,新增的关联实体类24P
relationClass24R,新增的关联实体类24R
relationClass24T,新增的关联实体类24T
relationClass25B,新增的关联实体类25B
relationClass25D,新增的关联实体类25D
relationClass25F,新增的关联实体类25F
relationClass25H,新增的关联实体类25H
relationClass25J,新增的关联实体类25J
relationClass25L,新增的关联实体类25L
relationClass25N,新增的关联实体类25N
relationClass25P,新增的关联实体类25P
relationClass25R,新增的关联实体类25R
relationClass25T,新增的关联实体类25T
relationClass26B,新增的关联实体类26B
relationClass26D,新增的关联实体类26D
relationClass26F,新增的关联实体类26F
relationClass26H,新增的关联实体类26H
relationClass26J,新增的关联实体类26J
relationClass26L,新增的关联实体类26L
relationClass26N,新增的关联实体类26N
relationClass26P,新增的关联实体类26P
relationClass26R,新增的关联实体类26R
relationClass26T,新增的关联实体类26T
relationClass27B,新增的关联实体类27B
relationClass27D,新增的关联实体类27D
relationClass27F,新增的关联实体类27F
relationClass27H,新增的关联实体类27H
relationClass27J,新增的关联实体类27J
relationClass27L,新增的关联实体类27L
relationClass27N,新增的关联实体类27N
relationClass27P,新增的关联实体类27P
relationClass27R,新增的关联实体类27R
relationClass27T,新增的关联实体类27T
relationClass28B,新增的关联实体类28B
relationClass28D,新增的关联实体类28D
relationClass28F,新增的关联实体类28F
relationClass28H,新增的关联实体类28H
relationClass28J,新增的关联实体类28J
relationClass28L,新增的关联实体类28L
relationClass28N,新增的关联实体类28N
relationClass28P,新增的关联实体类28P
relationClass28R,新增的关联实体类28R
relationClass28T,新增的关联实体类28T
relationClass29B,新增的关联实体类29B
relationClass29D,新增的关联实体类29D
relationClass29F,新增的关联实体类29F
relationClass29H,新增的关联实体类29H
relationClass29J,新增的关联实体类29J
relationClass29L,新增的关联实体类29L
relationClass29N,新增的关联实体类29N
relationClass29P,新增的关联实体类29P
relationClass29R,新增的关联实体类29R
relationClass29T,新增的关联实体类29T
relationClass30B,新增的关联实体类30B
relationClass30D,新增的关联实体类30D
relationClass30F,新增的关联实体类30F
relationClass30H,新增的关联实体类30H
relationClass30J,新增的关联实体类30J
relationClass30L,新增的关联实体类30L
relationClass30N,新增的关联实体类30N
relationClass30P,新增的关联实体类30P
relationClass30R,新增的关联实体类30R
relationClass30T,新增的关联实体类30T
relationClass31B,新增的关联实体类31B
relationClass31D,新增的关联实体类31D
relationClass31F,新增的关联实体类31F
relationClass31H,新增的关联实体类31H
relationClass31J,新增的关联实体类31J
relationClass31L,新增的关联实体类31L
relationClass31N,新增的关联实体类31N
relationClass31P,新增的关联实体类31P
relationClass31R,新增的关联实体类31R
relationClass31T,新增的关联实体类31T
relationClass32B,新增的关联实体类32B
relationClass32D,新增的关联实体类32D
relationClass32F,新增的关联实体类32F
relationClass32H,新增的关联实体类32H
relationClass32J,新增的关联实体类32J
relationClass32L,新增的关联实体类32L
relationClass32N,新增的关联实体类32N
relationClass32P,新增的关联实体类32P
relationClass32R,新增的关联实体类32R
relationClass32T,新增的关联实体类32T
relationClass33B,新增的关联实体类33B
relationClass33D,新增的关联实体类33D
relationClass33F,新增的关联实体类33F
relationClass33H,新增的关联实体类33H
relationClass33J,新增的关联实体类33J
relationClass33L,新增的关联实体类33L
relationClass33N,新增的关联实体类33N
relationClass33P,新增的关联实体类33P
relationClass33R,新增的关联实体类33R
relationClass33T,新增的关联实体类33T
relationClass34B,新增的关联实体类34B
relationClass34D,新增的关联实体类34D
relationClass34F,新增的关联实体类34F
relationClass34H,新增的关联实体类34H
relationClass34J,新增的关联实体类34J
relationClass34L,新增的关联实体类34L
relationClass34N,新增的关联实体类34N
relationClass34P,新增的关联实体类34P
relationClass34R,新增的关联实体类34R
relationClass34T,新增的关联实体类34T
relationClass35B,新增的关联实体类35B
relationClass35D,新增的关联实体类35D
relationClass35F,新增的关联实体类35F
relationClass35H,新增的关联实体类35H
relationClass35J,新增的关联实体类35J
relationClass35L,新增的关联实体类35L
relationClass35N,新增的关联实体类35N
relationClass35P,新增的关联实体类35P
relationClass35R,新增的关联实体类35R
relationClass35T,新增的关联实体类35T
relationClass36B,新增的关联实体类36B
relationClass36D,新增的关联实体类36D
relationClass36F,新增的关联实体类36F
relationClass36H,新增的关联实体类36H
relationClass36J,新增的关联实体类36J
relationClass36L,新增的关联实体类36L
relationClass36N,新增的关联实体类36N
relationClass36P,新增的关联实体类36P
relationClass36R,新增的关联实体类36R
relationClass36T,新增的关联实体类36T
relationClass37B,新增的关联实体类37B
relationClass37D,新增的关联实体类37D
relationClass37F,新增的关联实体类37F
relationClass37H,新增的关联实体类37H
relationClass37J,新增的关联实体类37J
relationClass37L,新增的关联实体类37L
relationClass37N,新增的关联实体类37N
relationClass37P,新增的关联实体类37P
relationClass37R,新增的关联实体类37R
relationClass37T,新增的关联实体类37T
relationClass38B,新增的关联实体类38B
relationClass38D,新增的关联实体类38D
relationClass38F,新增的关联实体类38F
relationClass38H,新增的关联实体类38H
relationClass38J,新增的关联实体类38J
relationClass38L,新增的关联实体类38L
relationClass38N,新增的关联实体类38N
relationClass38P,新增的关联实体类38P
relationClass38R,新增的关联实体类38R
relationClass38T,新增的关联实体类38T
relationClass39B,新增的关联实体类39B
relationClass39D,新增的关联实体类39D
relationClass39F,新增的关联实体类39F
relationClass39H,新增的关联实体类39H
relationClass39J,新增的关联实体类39J
relationClass39L,新增的关联实体类39L
relationClass39N,新增的关联实体类39N
relationClass39P,新增的关联实体类39P
relationClass39R,新增的关联实体类39R
relationClass39T,新增的关联实体类39T
relationClass40B,新增的关联实体类40B
relationClass40D,新增的关联实体类40D
relationClass40F,新增的关联实体类40F
relationClass40H,新增的关联实体类40H
relationClass40J,新增的关联实体类40J
relationClass40L,新增的关联实体类40L
relationClass40N,新增的关联实体类40N
relationClass40P,新增的关联实体类40P
relationClass40R,新增的关联实体类40R
relationClass40T,新增的关联实体类40T
relationClass41B,新增的关联实体类41B
relationClass41D,新增的关联实体类41D
relationClass41F,新增的关联实体类41F
relationClass41H,新增的关联实体类41H
relationClass41J,新增的关联实体类41J
relationClass41L,新增的关联实体类41L
relationClass41N,新增的关联实体类41N
relationClass41P,新增的关联实体类41P
relationClass41R,新增的关联实体类41R
relationClass41T,新增的关联实体类41T
relationClass42B,新增的关联实体类42B
relationClass42D,新增的关联实体类42D
relationClass42F,新增的关联实体类42F
relationClass42H,新增的关联实体类42H
relationClass42J,新增的关联实体类42J
relationClass42L,新增的关联实体类42L
relationClass42N,新增的关联实体类42N
relationClass42P,新增的关联实体类42P
relationClass42R,新增的关联实体类42R
relationClass42T,新增的关联实体类42T
relationClass43B,新增的关联实体类43B
relationClass43D,新增的关联实体类43D
relationClass43F,新增的关联实体类43F
relationClass43H,新增的关联实体类43H
relationClass43J,新增的关联实体类43J
relationClass43L,新增的关联实体类43L
relationClass43N,新增的关联实体类43N
relationClass43P,新增的关联实体类43P
relationClass43R,新增的关联实体类43R
relationClass43T,新增的关联实体类43T
relationClass44B,新增的关联实体类44B
relationClass44D,新增的关联实体类44D
relationClass44F,新增的关联实体类44F
relationClass44H,新增的关联实体类44H
relationClass44J,新增的关联实体类44J
relationClass44L,新增的关联实体类44L
relationClass44N,新增的关联实体类44N
relationClass44P,新增的关联实体类44P
relationClass44R,新增的关联实体类44R
relationClass44T,新增的关联实体类44T
relationClass45B,新增的关联实体类45B
relationClass45D,新增的关联实体类45D
relationClass45F,新增的关联实体类45F
relationClass45H,新增的关联实体类45H
relationClass45J,新增的关联实体类45J
relationClass45L,新增的关联实体类45L
relationClass45N,新增的关联实体类45N
relationClass45P,新增的关联实体类45P
relationClass45R,新增的关联实体类45R
relationClass45T,新增的关联实体类45T
relationClass46B,新增的关联实体类46B
relationClass46D,新增的关联实体类46D
relationClass46F,新增的关联实体类46F
relationClass46H,新增的关联实体类46H
relationClass46J,新增的关联实体类46J
relationClass46L,新增的关联实体类46L
relationClass46N,新增的关联实体类46N
relationClass46P,新增的关联实体类46P
relationClass46R,新增的关联实体类46R
relationClass46T,新增的关联实体类46T
relationClass47B,新增的关联实体类47B
relationClass47D,新增的关联实体类47D
relationClass47F,新增的关联实体类47F
relationClass47H,新增的关联实体类47H
relationClass47J,新增的关联实体类47J
relationClass47L,新增的关联实体类47L
relationClass47N,新增的关联实体类47N
relationClass47P,新增的关联实体类47P
relationClass47R,新增的关联实体类47R
relationClass47T,新增的关联实体类47T
relationClass48B,新增的关联实体类48B
relationClass48D,新增的关联实体类48D
relationClass48F,新增的关联实体类48F
relationClass48H,新增的关联实体类48H
relationClass48J,新增的关联实体类48J
relationClass48L,新增的关联实体类48L
relationClass48N,新增的关联实体类48N
relationClass48P,新增的关联实体类48P
relationClass48R,新增的关联实体类48R
relationClass48T,新增的关联实体类48T
relationClass49B,新增的关联实体类49B
relationClass49D,新增的关联实体类49D
relationClass49F,新增的关联实体类49F
relationClass49H,新增的关联实体类49H
relationClass49J,新增的关联实体类49J
relationClass49L,新增的关联实体类49L
relationClass49N,新增的关联实体类49N
relationClass49P,新增的关联实体类49P
relationClass49R,新增的关联实体类49R
relationClass49T,新增的关联实体类49T
relationClass50B,新增的关联实体类50B
relationClass50D,新增的关联实体类50D
relationClass50F,新增的关联实体类50F
relationClass50H,新增的关联实体类50H
relationClass50J,新增的关联实体类50J
relationClass50L,新增的关联实体类50L
relationClass50N,新增的关联实体类50N
relationClass50P,新增的关联实体类50P
relationClass50R,新增的关联实体类50R
relationClass50T,新增的关联实体类50T
relationClass51B,新增的关联实体类51B
relationClass51D,新增的关联实体类51D
relationClass51F,新增的关联实体类51F
relationClass51H,新增的关联实体类51H
relationClass51J,新增的关联实体类51J
relationClass51L,新增的关联实体类51L
relationClass51N,新增的关联实体类51N
relationClass51P,新增的关联实体类51P
relationClass51R,新增的关联实体类51R
relationClass51T,新增的关联实体类51T
relationClass52B,新增的关联实体类52B
relationClass52D,新增的关联实体类52D
relationClass52F,新增的关联实体类52F
relationClass52H,新增的关联实体类52H
relationClass52J,新增的关联实体类52J
relationClass52L,新增的关联实体类52L
relationClass52N,新增的关联实体类52N
relationClass52P,新增的关联实体类52P
relationClass52R,新增的关联实体类52R
relationClass52T,新增的关联实体类52T
relationClass53B,新增的关联实体类53B
relationClass53D,新增的关联实体类53D
relationClass53F,新增的关联实体类53F
relationClass53H,新增的关联实体类53H
relationClass53J,新增的关联实体类53J
relationClass53L,新增的关联实体类53L
relationClass53N,新增的关联实体类53N
relationClass53P,新增的关联实体类53P
relationClass53R,新增的关联实体类53R
relationClass53T,新增的关联实体类53T
relationClass54B,新增的关联实体类54B
relationClass54D,新增的关联实体类54D
relationClass54F,新增的关联实体类54F
relationClass54H,新增的关联实体类54H
relationClass54J,新增的关联实体类54J
relationClass54L,新增的关联实体类54L
relationClass54N,新增的关联实体类54N
relationClass54P,新增的关联实体类54P
relationClass54R,新增的关联实体类54R
relationClass54T,新增的关联实体类54T
relationClass55B,新增的关联实体类55B
relationClass55D,新增的关联实体类55D
relationClass55F,新增的关联实体类55F
relationClass55H,新增的关联实体类55H
relationClass55J,新增的关联实体类55J
relationClass55L,新增的关联实体类55L
relationClass55N,新增的关联实体类55N
relationClass55P,新增的关联实体类55P
relationClass55R,新增的关联实体类55R
relationClass55T,新增的关联实体类55T
relationClass56B,新增的关联实体类56B
relationClass56D,新增的关联实体类56D
relationClass56F,新增的关联实体类56F
relationClass56H,新增的关联实体类56H
relationClass56J,新增的关联实体类56J
relationClass56L,新增的关联实体类56L
relationClass56N,新增的关联实体类56N
relationClass56P,新增的关联实体类56P
relationClass56R,新增的关联实体类56R
relationClass56T,新增的关联实体类56T
relationClass57B,新增的关联实体类57B
relationClass57D,新增的关联实体类57D
relationClass57F,新增的关联实体类57F
relationClass57H,新增的关联实体类57H
relationClass57J,新增的关联实体类57J
relationClass57L,新增的关联实体类57L
relationClass57N,新增的关联实体类57N
relationClass57P,新增的关联实体类57P
relationClass57R,新增的关联实体类57R
relationClass57T,新增的关联实体类57T
relationClass58B,新增的关联实体类58B
relationClass58D,新增的关联实体类58D
relationClass58F,新增的关联实体类58F
relationClass58H,新增的关联实体类58H
relationClass58J,新增的关联实体类58J
relationClass58L,新增的关联实体类58L
relationClass58N,新增的关联实体类58N
relationClass58P,新增的关联实体类58P
relationClass58R,新增的关联实体类58R
relationClass58T,新增的关联实体类58T
relationClass59B,新增的关联实体类59B
relationClass59D,新增的关联实体类59D
relationClass59F,新增的关联实体类59F
relationClass59H,新增的关联实体类59H
relationClass59J,新增的关联实体类59J
relationClass59L,新增的关联实体类59L
relationClass59N,新增的关联实体类59N
relationClass59P,新增的关联实体类59P
relationClass59R,新增的关联实体类59R
relationClass59T,新增的关联实体类59T
relationClass60B,新增的关联实体类60B
relationClass60D,新增的关联实体类60D
relationClass60F,新增的关联实体类60F
relationClass60H,新增的关联实体类60H
relationClass60J,新增的关联实体类60J
relationClass60L,新增的关联实体类60L
relationClass60N,新增的关联实体类60N
relationClass60P,新增的关联实体类60P
relationClass60R,新增的关联实体类60R
relationClass60T,新增的关联实体类60T
relationClass61B,新增的关联实体类61B
relationClass61D,新增的关联实体类61D
relationClass61F,新增的关联实体类61F
relationClass61H,新增的关联实体类61H
relationClass61J,新增的关联实体类61J
relationClass61L,新增的关联实体类61L
relationClass61N,新增的关联实体类61N
relationClass61P,新增的关联实体类61P
relationClass61R,新增的关联实体类61R
relationClass61T,新增的关联实体类61T
relationClass62B,新增的关联实体类62B
relationClass62D,新增的关联实体类62D
relationClass62F,新增的关联实体类62F
relationClass62H,新增的关联实体类62H
relationClass62J,新增的关联实体类62J
relationClass62L,新增的关联实体类62L
relationClass62N,新增的关联实体类62N
relationClass62P,新增的关联实体类62P
relationClass62R,新增的关联实体类62R
relationClass62T,新增的关联实体类62T
relationClass63B,新增的关联实体类63B
relationClass63D,新增的关联实体类63D
relationClass63F,新增的关联实体类63F
relationClass63H,新增的关联实体类63H
relationClass63J,新增的关联实体类63J
relationClass63L,新增的关联实体类63L
relationClass63N,新增的关联实体类63N
relationClass63P,新增的关联实体类63P
relationClass63R,新增的关联实体类63R
relationClass63T,新增的关联实体类63T
relationClass64B,新增的关联实体类64B
relationClass64D,新增的关联实体类64D
relationClass64F,新增的关联实体类64F
relationClass64H,新增的关联实体类64H
relationClass64J,新增的关联实体类64J
relationClass64L,新增的关联实体类64L
relationClass64N,新增的关联实体类64N
relationClass64P,新增的关联实体类64P
relationClass64R,新增的关联实体类64R
relationClass64T,新增的关联实体类64T
relationClass65B,新增的关联实体类65B
relationClass65D,新增的关联实体类65D
relationClass65F,新增的关联实体类65F
relationClass65H,新增的关联实体类65H
relationClass65J,新增的关联实体类65J
relationClass65L,新增的关联实体类65L
relationClass65N,新增的关联实体类65N
relationClass65P,新增的关联实体类65P
relationClass65R,新增的关联实体类65R
relationClass65T,新增的关联实体类65T
relationClass66B,新增的关联实体类66B
relationClass66D,新增的关联实体类66D
relationClass66F,新增的关联实体类66F
relationClass66H,新增的关联实体类66H
relationClass66J,新增的关联实体类66J
relationClass66L,新增的关联实体类66L
relationClass66N,新增的关联实体类66N
relationClass66P,新增的关联实体类66P
relationClass66R,新增的关联实体类66R
relationClass66T,新增的关联实体类66T
relationClass67B,新增的关联实体类67B
relationClass67D,新增的关联实体类67D
relationClass67F,新增的关联实体类67F
relationClass67H,新增的关联实体类67H
relationClass67J,新增的关联实体类67J
relationClass67L,新增的关联实体类67L
relationClass67N,新增的关联实体类67N
relationClass67P,新增的关联实体类67P
relationClass67R,新增的关联实体类67R
relationClass67T,新增的关联实体类67T
relationClass68B,新增的关联实体类68B
relationClass68D,新增的关联实体类68D
relationClass68F,新增的关联实体类68F
relationClass68H,新增的关联实体类68H
relationClass68J,新增的关联实体类68J
relationClass68L,新增的关联实体类68L
relationClass68N,新增的关联实体类68N
relationClass68P,新增的关联实体类68P
relationClass68R,新增的关联实体类68R
relationClass68T,新增的关联实体类68T
relationClass69B,新增的关联实体类69B
relationClass69D,新增的关联实体类69D
relationClass69F,新增的关联实体类69F
relationClass69H,新增的关联实体类69H
relationClass69J,新增的关联实体类69J
relationClass69L,新增的关联实体类69L
relationClass69N,新增的关联实体类69N
relationClass69P,新增的关联实体类69P
relationClass69R,新增的关联实体类69R
relationClass69T,新增的关联实体类69T
relationClass70B,新增的关联实体类70B
relationClass70D,新增的关联实体类70D
relationClass70F,新增的关联实体类70F
relationClass70H,新增的关联实体类70H
relationClass70J,新增的关联实体类70J
relationClass70L,新增的关联实体类70L
relationClass70N,新增的关联实体类70N
relationClass70P,新增的关联实体类70P
relationClass70R,新增的关联实体类70R
relationClass70T,新增的关联实体类70T
relationClass71B,新增的关联实体类71B
relationClass71D,新增的关联实体类71D
relationClass71F,新增的关联实体类71F
relationClass71H,新增的关联实体类71H
relationClass71J,新增的关联实体类71J
relationClass71L,新增的关联实体类71L
relationClass71N,新增的关联实体类71N
relationClass71P,新增的关联实体类71P
relationClass71R,新增的关联实体类71R
relationClass71T,新增的关联实体类71T
relationClass72B,新增的关联实体类72B
relationClass72D,新增的关联实体类72D
relationClass72F,新增的关联实体类72F
relationClass72H,新增的关联实体类72H
relationClass72J,新增的关联实体类72J
relationClass72L,新增的关联实体类72L
relationClass72N,新增的关联实体类72N
relationClass72P,新增的关联实体类72P
relationClass72R,新增的关联实体类72R
relationClass72T,新增的关联实体类72T
relationClass73B,新增的关联实体类73B
relationClass73D,新增的关联实体类73D
relationClass73F,新增的关联实体类73F
relationClass73H,新增的关联实体类73H
relationClass73J,新增的关联实体类73J
relationClass73L,新增的关联实体类73L
relationClass73N,新增的关联实体类73N
relationClass73P,新增的关联实体类73P
relationClass73R,新增的关联实体类73R
relationClass73T,新增的关联实体类73T
relationClass74B,新增的关联实体类74B
relationClass74D,新增的关联实体类74D
relationClass74F,新增的关联实体类74F
relationClass74H,新增的关联实体类74H
relationClass74J,新增的关联实体类74J
relationClass74L,新增的关联实体类74L
relationClass74N,新增的关联实体类74N
relationClass74P,新增的关联实体类74P
relationClass74R,新增的关联实体类74R
relationClass74T,新增的关联实体类74T
relationClass75B,新增的关联实体类75B
relationClass75D,新增的关联实体类75D
relationClass75F,新增的关联实体类75F
relationClass75H,新增的关联实体类75H
relationClass75J,新增的关联实体类75J
relationClass75L,新增的关联实体类75L
relationClass75N,新增的关联实体类75N
relationClass75P,新增的关联实体类75P
relationClass75R,新增的关联实体类75R
relationClass75T,新增的关联实体类75T
relationClass76B,新增的关联实体类76B
relationClass76D,新增的关联实体类76D
relationClass76F,新增的关联实体类76F
relationClass76H,新增的关联实体类76H
relationClass76J,新增的关联实体类76J
relationClass76L,新增的关联实体类76L
relationClass76N,新增的关联实体类76N
relationClass76P,新增的关联实体类76P
relationClass76R,新增的关联实体类76R
relationClass76T,新增的关联实体类76T
relationClass77B,新增的关联实体类77B
relationClass77D,新增的关联实体类77D
relationClass77F,新增的关联实体类77F
relationClass77H,新增的关联实体类77H
relationClass77J,新增的关联实体类77J
relationClass77L,新增的关联实体类77L
relationClass77N,新增的关联实体类77N
relationClass77P,新增的关联实体类77P
relationClass77R,新增的关联实体类77R
relationClass77T,新增的关联实体类77T
relationClass78B,新增的关联实体类78B
relationClass78D,新增的关联实体类78D
relationClass78F,新增的关联实体类78F
relationClass78H,新增的关联实体类78H
relationClass78J,新增的关联实体类78J
relationClass78L,新增的关联实体类78L
relationClass78N,新增的关联实体类78N
relationClass78P,新增的关联实体类78P
relationClass78R,新增的关联实体类78R
relationClass78T,新增的关联实体类78T
relationClass79B,新增的关联实体类79B
relationClass79D,新增的关联实体类79D
relationClass79F,新增的关联实体类79F
relationClass79H,新增的关联实体类79H
relationClass79J,新增的关联实体类79J
relationClass79L,新增的关联实体类79L
relationClass79N,新增的关联实体类79N
relationClass79P,新增的关联实体类79P
relationClass79R,新增的关联实体类79R
relationClass79T,新增的关联实体类79T
relationClass80B,新增的关联实体类80B
relationClass80D,新增的关联实体类80D
relationClass80F,新增的关联实体类80F
relationClass80H,新增的关联实体类80H
relationClass80J,新增的关联实体类80J
relationClass80L,新增的关联实体类80L
relationClass80N,新增的关联实体类80N
relationClass80P,新增的关联实体类80P
relationClass80R,新增的关联实体类80R
relationClass80T,新增的关联实体类80T
relationClass81B,新增的关联实体类81B
relationClass81D,新增的关联实体类81D
relationClass81F,新增的关联实体类81F
relationClass81H,新增的关联实体类81H
relationClass81J,新增的关联实体类81J
relationClass81L,新增的关联实体类81L
relationClass81N,新增的关联实体类81N
relationClass81P,新增的关联实体类81P
relationClass81R,新增的关联实体类81R
relationClass81T,新增的关联实体类81T
relationClass82B,新增的关联实体类82B
relationClass82D,新增的关联实体类82D
relationClass82F,新增的关联实体类82F
relationClass82H,新增的关联实体类82H
relationClass82J,新增的关联实体类82J
relationClass82L,新增的关联实体类82L
relationClass82N,新增的关联实体类82N
relationClass82P,新增的关联实体类82P
relationClass82R,新增的关联实体类82R
relationClass82T,新增的关联实体类82T
relationClass83B,新增的关联实体类83B
relationClass83D,新增的关联实体类83D
relationClass83F,新增的关联实体类83F
relationClass83H,新增的关联实体类83H
relationClass83J,新增的关联实体类83J
relationClass83L,新增的关联实体类83L
relationClass83N,新增的关联实体类83N
relationClass83P,新增的关联实体类83P
relationClass83R,新增的关联实体类83R
relationClass83T,新增的关联实体类83T
relationClass84B,新增的关联实体类84B
relationClass84D,新增的关联实体类84D
relationClass84F,新增的关联实体类84F
relationClass84H,新增的关联实体类84H
relationClass84J,新增的关联实体类84J
relationClass84L,新增的关联实体类84L
relationClass84N,新增的关联实体类84N
relationClass84P,新增的关联实体类84P
relationClass84R,新增的关联实体类84R
relationClass84T,新增的关联实体类84T
relationClass85B,新增的关联实体类85B
relationClass85D,新增的关联实体类85D
relationClass85F,新增的关联实体类85F
relationClass85H,新增的关联实体类85H
relationClass85J,新增的关联实体类85J
relationClass85L,新增的关联实体类85L
relationClass85N,新增的关联实体类85N
relationClass85P,新增的关联实体类85P
relationClass85R,新增的关联实体类85R
relationClass85T,新增的关联实体类85T
relationClass86B,新增的关联实体类86B
relationClass86D,新增的关联实体类86D
relationClass86F,新增的关联实体类86F
relationClass86H,新增的关联实体类86H
relationClass86J,新增的关联实体类86J
relationClass86L,新增的关联实体类86L
relationClass86N,新增的关联实体类86N
relationClass86P,新增的关联实体类86P
relationClass86R,新增的关联实体类86R
relationClass86T,新增的关联实体类86T
relationClass87B,新增的关联实体类87B
relationClass87D,新增的关联实体类87D
relationClass87F,新增的关联实体类87F
relationClass87H,新增的关联实体类87H
relationClass87J,新增的关联实体类87J
relationClass87L,新增的关联实体类87L
relationClass87N,新增的关联实体类87N
relationClass87P,新增的关联实体类87P
relationClass87R,新增的关联实体类87R
relationClass87T,新增的关联实体类87T
relationClass88B,新增的关联实体类88B
relationClass88D,新增的关联实体类88D
relationClass88F,新增的关联实体类88F
relationClass88H,新增的关联实体类88H
relationClass88J,新增的关联实体类88J
relationClass88L,新增的关联实体类88L
relationClass88N,新增的关联实体类88N
relationClass88P,新增的关联实体类88P
relationClass88R,新增的关联实体类88R
relationClass88T,新增的关联实体类88T
relationClass89B,新增的关联实体类89B
relationClass89D,新增的关联实体类89D
relationClass89F,新增的关联实体类89F
relationClass89H,新增的关联实体类89H
relationClass89J,新增的关联实体类89J
relationClass89L,新增的关联实体类89L
relationClass89N,新增的关联实体类89N
relationClass89P,新增的关联实体类89P
relationClass89R,新增的关联实体类89R
relationClass89T,新增的关联实体类89T
relationClass90B,新增的关联实体类90B
relationClass90D,新增的关联实体类90D
relationClass90F,新增的关联实体类90F
relationClass90H,新增的关联实体类90H
relationClass90J,新增的关联实体类90J
relationClass90L,新增的关联实体类90L
relationClass90N,新增的关联实体类90N
relationClass90P,新增的关联实体类90P
relationClass90R,新增的关联实体类90R
relationClass90T,新增的关联实体类90T
relationClass91B,新增的关联实体类91B
relationClass91D,新增的关联实体类91D
relationClass91F,新增的关联实体类91F
relationClass91H,新增的关联实体类91H
relationClass91J,新增的关联实体类91J
relationClass91L,新增的关联实体类91L
relationClass91N,新增的关联实体类91N
relationClass91P,新增的关联实体类91P
relationClass91R,新增的关联实体类91R
relationClass91T,新增的关联实体类91T
relationClass92B,新增的关联实体类92B
relationClass92D,新增的关联实体类92D
relationClass92F,新增的关联实体类92F
relationClass92H,新增的关联实体类92H
relationClass92J,新增的关联实体类92J
relationClass92L,新增的关联实体类92L
relationClass92N,新增的关联实体类92N
relationClass92P,新增的关联实体类92P
relationClass92R,新增的关联实体类92R
relationClass92T,新增的关联实体类92T
relationClass93B,新增的关联实体类93B
relationClass93D,新增的关联实体类93D
relationClass93F,新增的关联实体类93F
relationClass93H,新增的关联实体类93H
relationClass93J,新增的关联实体类93J
relationClass93L,新增的关联实体类93L
relationClass93N,新增的关联实体类93N
relationClass93P,新增的关联实体类93P
relationClass93R,新增的关联实体类93R
relationClass93T,新增的关联实体类93T
relationClass94B,新增的关联实体类94B
relationClass94D,新增的关联实体类94D
relationClass94F,新增的关联实体类94F
relationClass94H,新增的关联实体类94H
relationClass94J,新增的关联实体类94J
relationClass94L,新增的关联实体类94L
relationClass94N,新增的关联实体类94N
relationClass94P,新增的关联实体类94P
relationClass94R,新增的关联实体类94R
relationClass94T,新增的关联实体类94T
relationClass95B,新增的关联实体类95B
relationClass95D,新增的关联实体类95D
relationClass95F,新增的关联实体类95F
relationClass95H,新增的关联实体类95H
relationClass95J,新增的关联实体类95J
relationClass95L,新增的关联实体类95L
relationClass95N,新增的关联实体类95N
relationClass95P,新增的关联实体类95P
relationClass95R,新增的关联实体类95R
relationClass95T,新增的关联实体类95T
relationClass96B,新增的关联实体类96B
relationClass96D,新增的关联实体类96D
relationClass96F,新增的关联实体类96F
relationClass96H,新增的关联实体类96H
relationClass96J,新增的关联实体类96J
relationClass96L,新增的关联实体类96L
relationClass96N,新增的关联实体类96N
relationClass96P,新增的关联实体类96P
relationClass96R,新增的关联实体类96R
relationClass96T,新增的关联实体类96T
relationClass97B,新增的关联实体类97B
relationClass97D,新增的关联实体类97D
relationClass97F,新增的关联实体类97F
relationClass97H,新增的关联实体类97H
relationClass97J,新增的关联实体类97J
relationClass97L,新增的关联实体类97L
relationClass97N,新增的关联实体类97N
relationClass97P,新增的关联实体类97P
relationClass97R,新增的关联实体类97R
relationClass97T,新增的关联实体类97T
relationClass98B,新增的关联实体类98B
relationClass98D,新增的关联实体类98D
relationClass98F,新增的关联实体类98F
relationClass98H,新增的关联实体类98H
relationClass98J,新增的关联实体类98J
relationClass98L,新增的关联实体类98L
relationClass98N,新增的关联实体类98N
relationClass98P,新增的关联实体类98P
relationClass98R,新增的关联实体类98R
relationClass98T,新增的关联实体类98T
relationClass99B,新增的关联实体类99B
relationClass99D,新增的关联实体类99D
relationClass99F,新增的关联实体类99F
relationClass99H,新增的关联实体类99H
relationClass99J,新增的关联实体类99J
relationClass99L,新增的关联实体类99L
relationClass99N,新增的关联实体类99N
relationClass99P,新增的关联实体类99P
relationClass99R,新增的关联实体类99R
relationClass99T,新增的关联实体类99T
relationClass100B,新增的关联实体类100B
relationClass100D,新增的关联实体类100D
relationClass100F,新增的关联实体类100F
relationClass100H,新增的关联实体类100H
relationClass100J,新增的关联实体类100J
relationClass100L,新增的关联实体类100L
relationClass100N,新增的关联实体类100N
relationClass100P,新增的关联实体类100P
relationClass100R,新增的关联实体类100R
relationClass100T,新增的关联实体类100T
