newrelationclass1A,新增关联类1A
newrelationclass1B,新增关联类1B
newrelationclass1C,新增关联类1C
newrelationclass1D,新增关联类1D
newrelationclass1E,新增关联类1E
newrelationclass1F,新增关联类1F
newrelationclass1G,新增关联类1G
newrelationclass1K,新增关联类1K
newrelationclass1H,新增关联类1H
newrelationclass1I,新增关联类1I
newrelationclass2A,新增关联类2A
newrelationclass2B,新增关联类2B
newrelationclass2C,新增关联类2C
newrelationclass2D,新增关联类2D
newrelationclass2E,新增关联类2E
newrelationclass2F,新增关联类2F
newrelationclass2G,新增关联类2G
newrelationclass2K,新增关联类2K
newrelationclass2H,新增关联类2H
newrelationclass2I,新增关联类2I
newrelationclass3A,新增关联类3A
newrelationclass3B,新增关联类3B
newrelationclass3C,新增关联类3C
newrelationclass3D,新增关联类3D
newrelationclass3E,新增关联类3E
newrelationclass3F,新增关联类3F
newrelationclass3G,新增关联类3G
newrelationclass3K,新增关联类3K
newrelationclass3H,新增关联类3H
newrelationclass3I,新增关联类3I
newrelationclass4A,新增关联类4A
newrelationclass4B,新增关联类4B
newrelationclass4C,新增关联类4C
newrelationclass4D,新增关联类4D
newrelationclass4E,新增关联类4E
newrelationclass4F,新增关联类4F
newrelationclass4G,新增关联类4G
newrelationclass4K,新增关联类4K
newrelationclass4H,新增关联类4H
newrelationclass4I,新增关联类4I
newrelationclass5A,新增关联类5A
newrelationclass5B,新增关联类5B
newrelationclass5C,新增关联类5C
newrelationclass5D,新增关联类5D
newrelationclass5E,新增关联类5E
newrelationclass5F,新增关联类5F
newrelationclass5G,新增关联类5G
newrelationclass5K,新增关联类5K
newrelationclass5H,新增关联类5H
newrelationclass5I,新增关联类5I
newrelationclass6A,新增关联类6A
newrelationclass6B,新增关联类6B
newrelationclass6C,新增关联类6C
newrelationclass6D,新增关联类6D
newrelationclass6E,新增关联类6E
newrelationclass6F,新增关联类6F
newrelationclass6G,新增关联类6G
newrelationclass6K,新增关联类6K
newrelationclass6H,新增关联类6H
newrelationclass6I,新增关联类6I
newrelationclass7A,新增关联类7A
newrelationclass7B,新增关联类7B
newrelationclass7C,新增关联类7C
newrelationclass7D,新增关联类7D
newrelationclass7E,新增关联类7E
newrelationclass7F,新增关联类7F
newrelationclass7G,新增关联类7G
newrelationclass7K,新增关联类7K
newrelationclass7H,新增关联类7H
newrelationclass7I,新增关联类7I
newrelationclass8A,新增关联类8A
newrelationclass8B,新增关联类8B
newrelationclass8C,新增关联类8C
newrelationclass8D,新增关联类8D
newrelationclass8E,新增关联类8E
newrelationclass8F,新增关联类8F
newrelationclass8G,新增关联类8G
newrelationclass8K,新增关联类8K
newrelationclass8H,新增关联类8H
newrelationclass8I,新增关联类8I
newrelationclass9A,新增关联类9A
newrelationclass9B,新增关联类9B
newrelationclass9C,新增关联类9C
newrelationclass9D,新增关联类9D
newrelationclass9E,新增关联类9E
newrelationclass9F,新增关联类9F
newrelationclass9G,新增关联类9G
newrelationclass9K,新增关联类9K
newrelationclass9H,新增关联类9H
newrelationclass9I,新增关联类9I
newrelationclass10A,新增关联类10A
newrelationclass10B,新增关联类10B
newrelationclass10C,新增关联类10C
newrelationclass10D,新增关联类10D
newrelationclass10E,新增关联类10E
newrelationclass10F,新增关联类10F
newrelationclass10G,新增关联类10G
newrelationclass10K,新增关联类10K
newrelationclass10H,新增关联类10H
newrelationclass10I,新增关联类10I
newrelationclass11A,新增关联类11A
newrelationclass11B,新增关联类11B
newrelationclass11C,新增关联类11C
newrelationclass11D,新增关联类11D
newrelationclass11E,新增关联类11E
newrelationclass11F,新增关联类11F
newrelationclass11G,新增关联类11G
newrelationclass11K,新增关联类11K
newrelationclass11H,新增关联类11H
newrelationclass11I,新增关联类11I
newrelationclass12A,新增关联类12A
newrelationclass12B,新增关联类12B
newrelationclass12C,新增关联类12C
newrelationclass12D,新增关联类12D
newrelationclass12E,新增关联类12E
newrelationclass12F,新增关联类12F
newrelationclass12G,新增关联类12G
newrelationclass12K,新增关联类12K
newrelationclass12H,新增关联类12H
newrelationclass12I,新增关联类12I
newrelationclass13A,新增关联类13A
newrelationclass13B,新增关联类13B
newrelationclass13C,新增关联类13C
newrelationclass13D,新增关联类13D
newrelationclass13E,新增关联类13E
newrelationclass13F,新增关联类13F
newrelationclass13G,新增关联类13G
newrelationclass13K,新增关联类13K
newrelationclass13H,新增关联类13H
newrelationclass13I,新增关联类13I
newrelationclass14A,新增关联类14A
newrelationclass14B,新增关联类14B
newrelationclass14C,新增关联类14C
newrelationclass14D,新增关联类14D
newrelationclass14E,新增关联类14E
newrelationclass14F,新增关联类14F
newrelationclass14G,新增关联类14G
newrelationclass14K,新增关联类14K
newrelationclass14H,新增关联类14H
newrelationclass14I,新增关联类14I
newrelationclass15A,新增关联类15A
newrelationclass15B,新增关联类15B
newrelationclass15C,新增关联类15C
newrelationclass15D,新增关联类15D
newrelationclass15E,新增关联类15E
newrelationclass15F,新增关联类15F
newrelationclass15G,新增关联类15G
newrelationclass15K,新增关联类15K
newrelationclass15H,新增关联类15H
newrelationclass15I,新增关联类15I
newrelationclass16A,新增关联类16A
newrelationclass16B,新增关联类16B
newrelationclass16C,新增关联类16C
newrelationclass16D,新增关联类16D
newrelationclass16E,新增关联类16E
newrelationclass16F,新增关联类16F
newrelationclass16G,新增关联类16G
newrelationclass16K,新增关联类16K
newrelationclass16H,新增关联类16H
newrelationclass16I,新增关联类16I
newrelationclass17A,新增关联类17A
newrelationclass17B,新增关联类17B
newrelationclass17C,新增关联类17C
newrelationclass17D,新增关联类17D
newrelationclass17E,新增关联类17E
newrelationclass17F,新增关联类17F
newrelationclass17G,新增关联类17G
newrelationclass17K,新增关联类17K
newrelationclass17H,新增关联类17H
newrelationclass17I,新增关联类17I
newrelationclass18A,新增关联类18A
newrelationclass18B,新增关联类18B
newrelationclass18C,新增关联类18C
newrelationclass18D,新增关联类18D
newrelationclass18E,新增关联类18E
newrelationclass18F,新增关联类18F
newrelationclass18G,新增关联类18G
newrelationclass18K,新增关联类18K
newrelationclass18H,新增关联类18H
newrelationclass18I,新增关联类18I
newrelationclass19A,新增关联类19A
newrelationclass19B,新增关联类19B
newrelationclass19C,新增关联类19C
newrelationclass19D,新增关联类19D
newrelationclass19E,新增关联类19E
newrelationclass19F,新增关联类19F
newrelationclass19G,新增关联类19G
newrelationclass19K,新增关联类19K
newrelationclass19H,新增关联类19H
newrelationclass19I,新增关联类19I
newrelationclass20A,新增关联类20A
newrelationclass20B,新增关联类20B
newrelationclass20C,新增关联类20C
newrelationclass20D,新增关联类20D
newrelationclass20E,新增关联类20E
newrelationclass20F,新增关联类20F
newrelationclass20G,新增关联类20G
newrelationclass20K,新增关联类20K
newrelationclass20H,新增关联类20H
newrelationclass20I,新增关联类20I
newrelationclass21A,新增关联类21A
newrelationclass21B,新增关联类21B
newrelationclass21C,新增关联类21C
newrelationclass21D,新增关联类21D
newrelationclass21E,新增关联类21E
newrelationclass21F,新增关联类21F
newrelationclass21G,新增关联类21G
newrelationclass21K,新增关联类21K
newrelationclass21H,新增关联类21H
newrelationclass21I,新增关联类21I
newrelationclass22A,新增关联类22A
newrelationclass22B,新增关联类22B
newrelationclass22C,新增关联类22C
newrelationclass22D,新增关联类22D
newrelationclass22E,新增关联类22E
newrelationclass22F,新增关联类22F
newrelationclass22G,新增关联类22G
newrelationclass22K,新增关联类22K
newrelationclass22H,新增关联类22H
newrelationclass22I,新增关联类22I
newrelationclass23A,新增关联类23A
newrelationclass23B,新增关联类23B
newrelationclass23C,新增关联类23C
newrelationclass23D,新增关联类23D
newrelationclass23E,新增关联类23E
newrelationclass23F,新增关联类23F
newrelationclass23G,新增关联类23G
newrelationclass23K,新增关联类23K
newrelationclass23H,新增关联类23H
newrelationclass23I,新增关联类23I
newrelationclass24A,新增关联类24A
newrelationclass24B,新增关联类24B
newrelationclass24C,新增关联类24C
newrelationclass24D,新增关联类24D
newrelationclass24E,新增关联类24E
newrelationclass24F,新增关联类24F
newrelationclass24G,新增关联类24G
newrelationclass24K,新增关联类24K
newrelationclass24H,新增关联类24H
newrelationclass24I,新增关联类24I
newrelationclass25A,新增关联类25A
newrelationclass25B,新增关联类25B
newrelationclass25C,新增关联类25C
newrelationclass25D,新增关联类25D
newrelationclass25E,新增关联类25E
newrelationclass25F,新增关联类25F
newrelationclass25G,新增关联类25G
newrelationclass25K,新增关联类25K
newrelationclass25H,新增关联类25H
newrelationclass25I,新增关联类25I
newrelationclass26A,新增关联类26A
newrelationclass26B,新增关联类26B
newrelationclass26C,新增关联类26C
newrelationclass26D,新增关联类26D
newrelationclass26E,新增关联类26E
newrelationclass26F,新增关联类26F
newrelationclass26G,新增关联类26G
newrelationclass26K,新增关联类26K
newrelationclass26H,新增关联类26H
newrelationclass26I,新增关联类26I
newrelationclass27A,新增关联类27A
newrelationclass27B,新增关联类27B
newrelationclass27C,新增关联类27C
newrelationclass27D,新增关联类27D
newrelationclass27E,新增关联类27E
newrelationclass27F,新增关联类27F
newrelationclass27G,新增关联类27G
newrelationclass27K,新增关联类27K
newrelationclass27H,新增关联类27H
newrelationclass27I,新增关联类27I
newrelationclass28A,新增关联类28A
newrelationclass28B,新增关联类28B
newrelationclass28C,新增关联类28C
newrelationclass28D,新增关联类28D
newrelationclass28E,新增关联类28E
newrelationclass28F,新增关联类28F
newrelationclass28G,新增关联类28G
newrelationclass28K,新增关联类28K
newrelationclass28H,新增关联类28H
newrelationclass28I,新增关联类28I
newrelationclass29A,新增关联类29A
newrelationclass29B,新增关联类29B
newrelationclass29C,新增关联类29C
newrelationclass29D,新增关联类29D
newrelationclass29E,新增关联类29E
newrelationclass29F,新增关联类29F
newrelationclass29G,新增关联类29G
newrelationclass29K,新增关联类29K
newrelationclass29H,新增关联类29H
newrelationclass29I,新增关联类29I
newrelationclass30A,新增关联类30A
newrelationclass30B,新增关联类30B
newrelationclass30C,新增关联类30C
newrelationclass30D,新增关联类30D
newrelationclass30E,新增关联类30E
newrelationclass30F,新增关联类30F
newrelationclass30G,新增关联类30G
newrelationclass30K,新增关联类30K
newrelationclass30H,新增关联类30H
newrelationclass30I,新增关联类30I
newrelationclass31A,新增关联类31A
newrelationclass31B,新增关联类31B
newrelationclass31C,新增关联类31C
newrelationclass31D,新增关联类31D
newrelationclass31E,新增关联类31E
newrelationclass31F,新增关联类31F
newrelationclass31G,新增关联类31G
newrelationclass31K,新增关联类31K
newrelationclass31H,新增关联类31H
newrelationclass31I,新增关联类31I
newrelationclass32A,新增关联类32A
newrelationclass32B,新增关联类32B
newrelationclass32C,新增关联类32C
newrelationclass32D,新增关联类32D
newrelationclass32E,新增关联类32E
newrelationclass32F,新增关联类32F
newrelationclass32G,新增关联类32G
newrelationclass32K,新增关联类32K
newrelationclass32H,新增关联类32H
newrelationclass32I,新增关联类32I
newrelationclass33A,新增关联类33A
newrelationclass33B,新增关联类33B
newrelationclass33C,新增关联类33C
newrelationclass33D,新增关联类33D
newrelationclass33E,新增关联类33E
newrelationclass33F,新增关联类33F
newrelationclass33G,新增关联类33G
newrelationclass33K,新增关联类33K
newrelationclass33H,新增关联类33H
newrelationclass33I,新增关联类33I
newrelationclass34A,新增关联类34A
newrelationclass34B,新增关联类34B
newrelationclass34C,新增关联类34C
newrelationclass34D,新增关联类34D
newrelationclass34E,新增关联类34E
newrelationclass34F,新增关联类34F
newrelationclass34G,新增关联类34G
newrelationclass34K,新增关联类34K
newrelationclass34H,新增关联类34H
newrelationclass34I,新增关联类34I
newrelationclass35A,新增关联类35A
newrelationclass35B,新增关联类35B
newrelationclass35C,新增关联类35C
newrelationclass35D,新增关联类35D
newrelationclass35E,新增关联类35E
newrelationclass35F,新增关联类35F
newrelationclass35G,新增关联类35G
newrelationclass35K,新增关联类35K
newrelationclass35H,新增关联类35H
newrelationclass35I,新增关联类35I
newrelationclass36A,新增关联类36A
newrelationclass36B,新增关联类36B
newrelationclass36C,新增关联类36C
newrelationclass36D,新增关联类36D
newrelationclass36E,新增关联类36E
newrelationclass36F,新增关联类36F
newrelationclass36G,新增关联类36G
newrelationclass36K,新增关联类36K
newrelationclass36H,新增关联类36H
newrelationclass36I,新增关联类36I
newrelationclass37A,新增关联类37A
newrelationclass37B,新增关联类37B
newrelationclass37C,新增关联类37C
newrelationclass37D,新增关联类37D
newrelationclass37E,新增关联类37E
newrelationclass37F,新增关联类37F
newrelationclass37G,新增关联类37G
newrelationclass37K,新增关联类37K
newrelationclass37H,新增关联类37H
newrelationclass37I,新增关联类37I
newrelationclass38A,新增关联类38A
newrelationclass38B,新增关联类38B
newrelationclass38C,新增关联类38C
newrelationclass38D,新增关联类38D
newrelationclass38E,新增关联类38E
newrelationclass38F,新增关联类38F
newrelationclass38G,新增关联类38G
newrelationclass38K,新增关联类38K
newrelationclass38H,新增关联类38H
newrelationclass38I,新增关联类38I
newrelationclass39A,新增关联类39A
newrelationclass39B,新增关联类39B
newrelationclass39C,新增关联类39C
newrelationclass39D,新增关联类39D
newrelationclass39E,新增关联类39E
newrelationclass39F,新增关联类39F
newrelationclass39G,新增关联类39G
newrelationclass39K,新增关联类39K
newrelationclass39H,新增关联类39H
newrelationclass39I,新增关联类39I
newrelationclass40A,新增关联类40A
newrelationclass40B,新增关联类40B
newrelationclass40C,新增关联类40C
newrelationclass40D,新增关联类40D
newrelationclass40E,新增关联类40E
newrelationclass40F,新增关联类40F
newrelationclass40G,新增关联类40G
newrelationclass40K,新增关联类40K
newrelationclass40H,新增关联类40H
newrelationclass40I,新增关联类40I
newrelationclass41A,新增关联类41A
newrelationclass41B,新增关联类41B
newrelationclass41C,新增关联类41C
newrelationclass41D,新增关联类41D
newrelationclass41E,新增关联类41E
newrelationclass41F,新增关联类41F
newrelationclass41G,新增关联类41G
newrelationclass41K,新增关联类41K
newrelationclass41H,新增关联类41H
newrelationclass41I,新增关联类41I
newrelationclass42A,新增关联类42A
newrelationclass42B,新增关联类42B
newrelationclass42C,新增关联类42C
newrelationclass42D,新增关联类42D
newrelationclass42E,新增关联类42E
newrelationclass42F,新增关联类42F
newrelationclass42G,新增关联类42G
newrelationclass42K,新增关联类42K
newrelationclass42H,新增关联类42H
newrelationclass42I,新增关联类42I
newrelationclass43A,新增关联类43A
newrelationclass43B,新增关联类43B
newrelationclass43C,新增关联类43C
newrelationclass43D,新增关联类43D
newrelationclass43E,新增关联类43E
newrelationclass43F,新增关联类43F
newrelationclass43G,新增关联类43G
newrelationclass43K,新增关联类43K
newrelationclass43H,新增关联类43H
newrelationclass43I,新增关联类43I
newrelationclass44A,新增关联类44A
newrelationclass44B,新增关联类44B
newrelationclass44C,新增关联类44C
newrelationclass44D,新增关联类44D
newrelationclass44E,新增关联类44E
newrelationclass44F,新增关联类44F
newrelationclass44G,新增关联类44G
newrelationclass44K,新增关联类44K
newrelationclass44H,新增关联类44H
newrelationclass44I,新增关联类44I
newrelationclass45A,新增关联类45A
newrelationclass45B,新增关联类45B
newrelationclass45C,新增关联类45C
newrelationclass45D,新增关联类45D
newrelationclass45E,新增关联类45E
newrelationclass45F,新增关联类45F
newrelationclass45G,新增关联类45G
newrelationclass45K,新增关联类45K
newrelationclass45H,新增关联类45H
newrelationclass45I,新增关联类45I
newrelationclass46A,新增关联类46A
newrelationclass46B,新增关联类46B
newrelationclass46C,新增关联类46C
newrelationclass46D,新增关联类46D
newrelationclass46E,新增关联类46E
newrelationclass46F,新增关联类46F
newrelationclass46G,新增关联类46G
newrelationclass46K,新增关联类46K
newrelationclass46H,新增关联类46H
newrelationclass46I,新增关联类46I
newrelationclass47A,新增关联类47A
newrelationclass47B,新增关联类47B
newrelationclass47C,新增关联类47C
newrelationclass47D,新增关联类47D
newrelationclass47E,新增关联类47E
newrelationclass47F,新增关联类47F
newrelationclass47G,新增关联类47G
newrelationclass47K,新增关联类47K
newrelationclass47H,新增关联类47H
newrelationclass47I,新增关联类47I
newrelationclass48A,新增关联类48A
newrelationclass48B,新增关联类48B
newrelationclass48C,新增关联类48C
newrelationclass48D,新增关联类48D
newrelationclass48E,新增关联类48E
newrelationclass48F,新增关联类48F
newrelationclass48G,新增关联类48G
newrelationclass48K,新增关联类48K
newrelationclass48H,新增关联类48H
newrelationclass48I,新增关联类48I
newrelationclass49A,新增关联类49A
newrelationclass49B,新增关联类49B
newrelationclass49C,新增关联类49C
newrelationclass49D,新增关联类49D
newrelationclass49E,新增关联类49E
newrelationclass49F,新增关联类49F
newrelationclass49G,新增关联类49G
newrelationclass49K,新增关联类49K
newrelationclass49H,新增关联类49H
newrelationclass49I,新增关联类49I
newrelationclass50A,新增关联类50A
newrelationclass50B,新增关联类50B
newrelationclass50C,新增关联类50C
newrelationclass50D,新增关联类50D
newrelationclass50E,新增关联类50E
newrelationclass50F,新增关联类50F
newrelationclass50G,新增关联类50G
newrelationclass50K,新增关联类50K
newrelationclass50H,新增关联类50H
newrelationclass50I,新增关联类50I
newrelationclass51A,新增关联类51A
newrelationclass51B,新增关联类51B
newrelationclass51C,新增关联类51C
newrelationclass51D,新增关联类51D
newrelationclass51E,新增关联类51E
newrelationclass51F,新增关联类51F
newrelationclass51G,新增关联类51G
newrelationclass51K,新增关联类51K
newrelationclass51H,新增关联类51H
newrelationclass51I,新增关联类51I
newrelationclass52A,新增关联类52A
newrelationclass52B,新增关联类52B
newrelationclass52C,新增关联类52C
newrelationclass52D,新增关联类52D
newrelationclass52E,新增关联类52E
newrelationclass52F,新增关联类52F
newrelationclass52G,新增关联类52G
newrelationclass52K,新增关联类52K
newrelationclass52H,新增关联类52H
newrelationclass52I,新增关联类52I
newrelationclass53A,新增关联类53A
newrelationclass53B,新增关联类53B
newrelationclass53C,新增关联类53C
newrelationclass53D,新增关联类53D
newrelationclass53E,新增关联类53E
newrelationclass53F,新增关联类53F
newrelationclass53G,新增关联类53G
newrelationclass53K,新增关联类53K
newrelationclass53H,新增关联类53H
newrelationclass53I,新增关联类53I
newrelationclass54A,新增关联类54A
newrelationclass54B,新增关联类54B
newrelationclass54C,新增关联类54C
newrelationclass54D,新增关联类54D
newrelationclass54E,新增关联类54E
newrelationclass54F,新增关联类54F
newrelationclass54G,新增关联类54G
newrelationclass54K,新增关联类54K
newrelationclass54H,新增关联类54H
newrelationclass54I,新增关联类54I
newrelationclass55A,新增关联类55A
newrelationclass55B,新增关联类55B
newrelationclass55C,新增关联类55C
newrelationclass55D,新增关联类55D
newrelationclass55E,新增关联类55E
newrelationclass55F,新增关联类55F
newrelationclass55G,新增关联类55G
newrelationclass55K,新增关联类55K
newrelationclass55H,新增关联类55H
newrelationclass55I,新增关联类55I
newrelationclass56A,新增关联类56A
newrelationclass56B,新增关联类56B
newrelationclass56C,新增关联类56C
newrelationclass56D,新增关联类56D
newrelationclass56E,新增关联类56E
newrelationclass56F,新增关联类56F
newrelationclass56G,新增关联类56G
newrelationclass56K,新增关联类56K
newrelationclass56H,新增关联类56H
newrelationclass56I,新增关联类56I
newrelationclass57A,新增关联类57A
newrelationclass57B,新增关联类57B
newrelationclass57C,新增关联类57C
newrelationclass57D,新增关联类57D
newrelationclass57E,新增关联类57E
newrelationclass57F,新增关联类57F
newrelationclass57G,新增关联类57G
newrelationclass57K,新增关联类57K
newrelationclass57H,新增关联类57H
newrelationclass57I,新增关联类57I
newrelationclass58A,新增关联类58A
newrelationclass58B,新增关联类58B
newrelationclass58C,新增关联类58C
newrelationclass58D,新增关联类58D
newrelationclass58E,新增关联类58E
newrelationclass58F,新增关联类58F
newrelationclass58G,新增关联类58G
newrelationclass58K,新增关联类58K
newrelationclass58H,新增关联类58H
newrelationclass58I,新增关联类58I
newrelationclass59A,新增关联类59A
newrelationclass59B,新增关联类59B
newrelationclass59C,新增关联类59C
newrelationclass59D,新增关联类59D
newrelationclass59E,新增关联类59E
newrelationclass59F,新增关联类59F
newrelationclass59G,新增关联类59G
newrelationclass59K,新增关联类59K
newrelationclass59H,新增关联类59H
newrelationclass59I,新增关联类59I
newrelationclass60A,新增关联类60A
newrelationclass60B,新增关联类60B
newrelationclass60C,新增关联类60C
newrelationclass60D,新增关联类60D
newrelationclass60E,新增关联类60E
newrelationclass60F,新增关联类60F
newrelationclass60G,新增关联类60G
newrelationclass60K,新增关联类60K
newrelationclass60H,新增关联类60H
newrelationclass60I,新增关联类60I
newrelationclass61A,新增关联类61A
newrelationclass61B,新增关联类61B
newrelationclass61C,新增关联类61C
newrelationclass61D,新增关联类61D
newrelationclass61E,新增关联类61E
newrelationclass61F,新增关联类61F
newrelationclass61G,新增关联类61G
newrelationclass61K,新增关联类61K
newrelationclass61H,新增关联类61H
newrelationclass61I,新增关联类61I
newrelationclass62A,新增关联类62A
newrelationclass62B,新增关联类62B
newrelationclass62C,新增关联类62C
newrelationclass62D,新增关联类62D
newrelationclass62E,新增关联类62E
newrelationclass62F,新增关联类62F
newrelationclass62G,新增关联类62G
newrelationclass62K,新增关联类62K
newrelationclass62H,新增关联类62H
newrelationclass62I,新增关联类62I
newrelationclass63A,新增关联类63A
newrelationclass63B,新增关联类63B
newrelationclass63C,新增关联类63C
newrelationclass63D,新增关联类63D
newrelationclass63E,新增关联类63E
newrelationclass63F,新增关联类63F
newrelationclass63G,新增关联类63G
newrelationclass63K,新增关联类63K
newrelationclass63H,新增关联类63H
newrelationclass63I,新增关联类63I
newrelationclass64A,新增关联类64A
newrelationclass64B,新增关联类64B
newrelationclass64C,新增关联类64C
newrelationclass64D,新增关联类64D
newrelationclass64E,新增关联类64E
newrelationclass64F,新增关联类64F
newrelationclass64G,新增关联类64G
newrelationclass64K,新增关联类64K
newrelationclass64H,新增关联类64H
newrelationclass64I,新增关联类64I
newrelationclass65A,新增关联类65A
newrelationclass65B,新增关联类65B
newrelationclass65C,新增关联类65C
newrelationclass65D,新增关联类65D
newrelationclass65E,新增关联类65E
newrelationclass65F,新增关联类65F
newrelationclass65G,新增关联类65G
newrelationclass65K,新增关联类65K
newrelationclass65H,新增关联类65H
newrelationclass65I,新增关联类65I
newrelationclass66A,新增关联类66A
newrelationclass66B,新增关联类66B
newrelationclass66C,新增关联类66C
newrelationclass66D,新增关联类66D
newrelationclass66E,新增关联类66E
newrelationclass66F,新增关联类66F
newrelationclass66G,新增关联类66G
newrelationclass66K,新增关联类66K
newrelationclass66H,新增关联类66H
newrelationclass66I,新增关联类66I
newrelationclass67A,新增关联类67A
newrelationclass67B,新增关联类67B
newrelationclass67C,新增关联类67C
newrelationclass67D,新增关联类67D
newrelationclass67E,新增关联类67E
newrelationclass67F,新增关联类67F
newrelationclass67G,新增关联类67G
newrelationclass67K,新增关联类67K
newrelationclass67H,新增关联类67H
newrelationclass67I,新增关联类67I
newrelationclass68A,新增关联类68A
newrelationclass68B,新增关联类68B
newrelationclass68C,新增关联类68C
newrelationclass68D,新增关联类68D
newrelationclass68E,新增关联类68E
newrelationclass68F,新增关联类68F
newrelationclass68G,新增关联类68G
newrelationclass68K,新增关联类68K
newrelationclass68H,新增关联类68H
newrelationclass68I,新增关联类68I
newrelationclass69A,新增关联类69A
newrelationclass69B,新增关联类69B
newrelationclass69C,新增关联类69C
newrelationclass69D,新增关联类69D
newrelationclass69E,新增关联类69E
newrelationclass69F,新增关联类69F
newrelationclass69G,新增关联类69G
newrelationclass69K,新增关联类69K
newrelationclass69H,新增关联类69H
newrelationclass69I,新增关联类69I
newrelationclass70A,新增关联类70A
newrelationclass70B,新增关联类70B
newrelationclass70C,新增关联类70C
newrelationclass70D,新增关联类70D
newrelationclass70E,新增关联类70E
newrelationclass70F,新增关联类70F
newrelationclass70G,新增关联类70G
newrelationclass70K,新增关联类70K
newrelationclass70H,新增关联类70H
newrelationclass70I,新增关联类70I
newrelationclass71A,新增关联类71A
newrelationclass71B,新增关联类71B
newrelationclass71C,新增关联类71C
newrelationclass71D,新增关联类71D
newrelationclass71E,新增关联类71E
newrelationclass71F,新增关联类71F
newrelationclass71G,新增关联类71G
newrelationclass71K,新增关联类71K
newrelationclass71H,新增关联类71H
newrelationclass71I,新增关联类71I
newrelationclass72A,新增关联类72A
newrelationclass72B,新增关联类72B
newrelationclass72C,新增关联类72C
newrelationclass72D,新增关联类72D
newrelationclass72E,新增关联类72E
newrelationclass72F,新增关联类72F
newrelationclass72G,新增关联类72G
newrelationclass72K,新增关联类72K
newrelationclass72H,新增关联类72H
newrelationclass72I,新增关联类72I
newrelationclass73A,新增关联类73A
newrelationclass73B,新增关联类73B
newrelationclass73C,新增关联类73C
newrelationclass73D,新增关联类73D
newrelationclass73E,新增关联类73E
newrelationclass73F,新增关联类73F
newrelationclass73G,新增关联类73G
newrelationclass73K,新增关联类73K
newrelationclass73H,新增关联类73H
newrelationclass73I,新增关联类73I
newrelationclass74A,新增关联类74A
newrelationclass74B,新增关联类74B
newrelationclass74C,新增关联类74C
newrelationclass74D,新增关联类74D
newrelationclass74E,新增关联类74E
newrelationclass74F,新增关联类74F
newrelationclass74G,新增关联类74G
newrelationclass74K,新增关联类74K
newrelationclass74H,新增关联类74H
newrelationclass74I,新增关联类74I
newrelationclass75A,新增关联类75A
newrelationclass75B,新增关联类75B
newrelationclass75C,新增关联类75C
newrelationclass75D,新增关联类75D
newrelationclass75E,新增关联类75E
newrelationclass75F,新增关联类75F
newrelationclass75G,新增关联类75G
newrelationclass75K,新增关联类75K
newrelationclass75H,新增关联类75H
newrelationclass75I,新增关联类75I
newrelationclass76A,新增关联类76A
newrelationclass76B,新增关联类76B
newrelationclass76C,新增关联类76C
newrelationclass76D,新增关联类76D
newrelationclass76E,新增关联类76E
newrelationclass76F,新增关联类76F
newrelationclass76G,新增关联类76G
newrelationclass76K,新增关联类76K
newrelationclass76H,新增关联类76H
newrelationclass76I,新增关联类76I
newrelationclass77A,新增关联类77A
newrelationclass77B,新增关联类77B
newrelationclass77C,新增关联类77C
newrelationclass77D,新增关联类77D
newrelationclass77E,新增关联类77E
newrelationclass77F,新增关联类77F
newrelationclass77G,新增关联类77G
newrelationclass77K,新增关联类77K
newrelationclass77H,新增关联类77H
newrelationclass77I,新增关联类77I
newrelationclass78A,新增关联类78A
newrelationclass78B,新增关联类78B
newrelationclass78C,新增关联类78C
newrelationclass78D,新增关联类78D
newrelationclass78E,新增关联类78E
newrelationclass78F,新增关联类78F
newrelationclass78G,新增关联类78G
newrelationclass78K,新增关联类78K
newrelationclass78H,新增关联类78H
newrelationclass78I,新增关联类78I
newrelationclass79A,新增关联类79A
newrelationclass79B,新增关联类79B
newrelationclass79C,新增关联类79C
newrelationclass79D,新增关联类79D
newrelationclass79E,新增关联类79E
newrelationclass79F,新增关联类79F
newrelationclass79G,新增关联类79G
newrelationclass79K,新增关联类79K
newrelationclass79H,新增关联类79H
newrelationclass79I,新增关联类79I
newrelationclass80A,新增关联类80A
newrelationclass80B,新增关联类80B
newrelationclass80C,新增关联类80C
newrelationclass80D,新增关联类80D
newrelationclass80E,新增关联类80E
newrelationclass80F,新增关联类80F
newrelationclass80G,新增关联类80G
newrelationclass80K,新增关联类80K
newrelationclass80H,新增关联类80H
newrelationclass80I,新增关联类80I
newrelationclass81A,新增关联类81A
newrelationclass81B,新增关联类81B
newrelationclass81C,新增关联类81C
newrelationclass81D,新增关联类81D
newrelationclass81E,新增关联类81E
newrelationclass81F,新增关联类81F
newrelationclass81G,新增关联类81G
newrelationclass81K,新增关联类81K
newrelationclass81H,新增关联类81H
newrelationclass81I,新增关联类81I
newrelationclass82A,新增关联类82A
newrelationclass82B,新增关联类82B
newrelationclass82C,新增关联类82C
newrelationclass82D,新增关联类82D
newrelationclass82E,新增关联类82E
newrelationclass82F,新增关联类82F
newrelationclass82G,新增关联类82G
newrelationclass82K,新增关联类82K
newrelationclass82H,新增关联类82H
newrelationclass82I,新增关联类82I
newrelationclass83A,新增关联类83A
newrelationclass83B,新增关联类83B
newrelationclass83C,新增关联类83C
newrelationclass83D,新增关联类83D
newrelationclass83E,新增关联类83E
newrelationclass83F,新增关联类83F
newrelationclass83G,新增关联类83G
newrelationclass83K,新增关联类83K
newrelationclass83H,新增关联类83H
newrelationclass83I,新增关联类83I
newrelationclass84A,新增关联类84A
newrelationclass84B,新增关联类84B
newrelationclass84C,新增关联类84C
newrelationclass84D,新增关联类84D
newrelationclass84E,新增关联类84E
newrelationclass84F,新增关联类84F
newrelationclass84G,新增关联类84G
newrelationclass84K,新增关联类84K
newrelationclass84H,新增关联类84H
newrelationclass84I,新增关联类84I
newrelationclass85A,新增关联类85A
newrelationclass85B,新增关联类85B
newrelationclass85C,新增关联类85C
newrelationclass85D,新增关联类85D
newrelationclass85E,新增关联类85E
newrelationclass85F,新增关联类85F
newrelationclass85G,新增关联类85G
newrelationclass85K,新增关联类85K
newrelationclass85H,新增关联类85H
newrelationclass85I,新增关联类85I
newrelationclass86A,新增关联类86A
newrelationclass86B,新增关联类86B
newrelationclass86C,新增关联类86C
newrelationclass86D,新增关联类86D
newrelationclass86E,新增关联类86E
newrelationclass86F,新增关联类86F
newrelationclass86G,新增关联类86G
newrelationclass86K,新增关联类86K
newrelationclass86H,新增关联类86H
newrelationclass86I,新增关联类86I
newrelationclass87A,新增关联类87A
newrelationclass87B,新增关联类87B
newrelationclass87C,新增关联类87C
newrelationclass87D,新增关联类87D
newrelationclass87E,新增关联类87E
newrelationclass87F,新增关联类87F
newrelationclass87G,新增关联类87G
newrelationclass87K,新增关联类87K
newrelationclass87H,新增关联类87H
newrelationclass87I,新增关联类87I
newrelationclass88A,新增关联类88A
newrelationclass88B,新增关联类88B
newrelationclass88C,新增关联类88C
newrelationclass88D,新增关联类88D
newrelationclass88E,新增关联类88E
newrelationclass88F,新增关联类88F
newrelationclass88G,新增关联类88G
newrelationclass88K,新增关联类88K
newrelationclass88H,新增关联类88H
newrelationclass88I,新增关联类88I
newrelationclass89A,新增关联类89A
newrelationclass89B,新增关联类89B
newrelationclass89C,新增关联类89C
newrelationclass89D,新增关联类89D
newrelationclass89E,新增关联类89E
newrelationclass89F,新增关联类89F
newrelationclass89G,新增关联类89G
newrelationclass89K,新增关联类89K
newrelationclass89H,新增关联类89H
newrelationclass89I,新增关联类89I
newrelationclass90A,新增关联类90A
newrelationclass90B,新增关联类90B
newrelationclass90C,新增关联类90C
newrelationclass90D,新增关联类90D
newrelationclass90E,新增关联类90E
newrelationclass90F,新增关联类90F
newrelationclass90G,新增关联类90G
newrelationclass90K,新增关联类90K
newrelationclass90H,新增关联类90H
newrelationclass90I,新增关联类90I
newrelationclass91A,新增关联类91A
newrelationclass91B,新增关联类91B
newrelationclass91C,新增关联类91C
newrelationclass91D,新增关联类91D
newrelationclass91E,新增关联类91E
newrelationclass91F,新增关联类91F
newrelationclass91G,新增关联类91G
newrelationclass91K,新增关联类91K
newrelationclass91H,新增关联类91H
newrelationclass91I,新增关联类91I
newrelationclass92A,新增关联类92A
newrelationclass92B,新增关联类92B
newrelationclass92C,新增关联类92C
newrelationclass92D,新增关联类92D
newrelationclass92E,新增关联类92E
newrelationclass92F,新增关联类92F
newrelationclass92G,新增关联类92G
newrelationclass92K,新增关联类92K
newrelationclass92H,新增关联类92H
newrelationclass92I,新增关联类92I
newrelationclass93A,新增关联类93A
newrelationclass93B,新增关联类93B
newrelationclass93C,新增关联类93C
newrelationclass93D,新增关联类93D
newrelationclass93E,新增关联类93E
newrelationclass93F,新增关联类93F
newrelationclass93G,新增关联类93G
newrelationclass93K,新增关联类93K
newrelationclass93H,新增关联类93H
newrelationclass93I,新增关联类93I
newrelationclass94A,新增关联类94A
newrelationclass94B,新增关联类94B
newrelationclass94C,新增关联类94C
newrelationclass94D,新增关联类94D
newrelationclass94E,新增关联类94E
newrelationclass94F,新增关联类94F
newrelationclass94G,新增关联类94G
newrelationclass94K,新增关联类94K
newrelationclass94H,新增关联类94H
newrelationclass94I,新增关联类94I
newrelationclass95A,新增关联类95A
newrelationclass95B,新增关联类95B
newrelationclass95C,新增关联类95C
newrelationclass95D,新增关联类95D
newrelationclass95E,新增关联类95E
newrelationclass95F,新增关联类95F
newrelationclass95G,新增关联类95G
newrelationclass95K,新增关联类95K
newrelationclass95H,新增关联类95H
newrelationclass95I,新增关联类95I
newrelationclass96A,新增关联类96A
newrelationclass96B,新增关联类96B
newrelationclass96C,新增关联类96C
newrelationclass96D,新增关联类96D
newrelationclass96E,新增关联类96E
newrelationclass96F,新增关联类96F
newrelationclass96G,新增关联类96G
newrelationclass96K,新增关联类96K
newrelationclass96H,新增关联类96H
newrelationclass96I,新增关联类96I
newrelationclass97A,新增关联类97A
newrelationclass97B,新增关联类97B
newrelationclass97C,新增关联类97C
newrelationclass97D,新增关联类97D
newrelationclass97E,新增关联类97E
newrelationclass97F,新增关联类97F
newrelationclass97G,新增关联类97G
newrelationclass97K,新增关联类97K
newrelationclass97H,新增关联类97H
newrelationclass97I,新增关联类97I
newrelationclass98A,新增关联类98A
newrelationclass98B,新增关联类98B
newrelationclass98C,新增关联类98C
newrelationclass98D,新增关联类98D
newrelationclass98E,新增关联类98E
newrelationclass98F,新增关联类98F
newrelationclass98G,新增关联类98G
newrelationclass98K,新增关联类98K
newrelationclass98H,新增关联类98H
newrelationclass98I,新增关联类98I
newrelationclass99A,新增关联类99A
newrelationclass99B,新增关联类99B
newrelationclass99C,新增关联类99C
newrelationclass99D,新增关联类99D
newrelationclass99E,新增关联类99E
newrelationclass99F,新增关联类99F
newrelationclass99G,新增关联类99G
newrelationclass99K,新增关联类99K
newrelationclass99H,新增关联类99H
newrelationclass99I,新增关联类99I
newrelationclass100A,新增关联类100A
newrelationclass100B,新增关联类100B
newrelationclass100C,新增关联类100C
newrelationclass100D,新增关联类100D
newrelationclass100E,新增关联类100E
newrelationclass100F,新增关联类100F
newrelationclass100G,新增关联类100G
newrelationclass100K,新增关联类100K
newrelationclass100H,新增关联类100H
newrelationclass100I,新增关联类100I
