NewEntityClass1,关联新增实体类1
NewEntityClass2,关联新增实体类2
NewEntityClass3,关联新增实体类3
NewEntityClass4,关联新增实体类4
NewEntityClass5,关联新增实体类5
NewEntityClass6,关联新增实体类6
NewEntityClass7,关联新增实体类7
NewEntityClass8,关联新增实体类8
NewEntityClass9,关联新增实体类9
NewEntityClass10,关联新增实体类10
NewEntityClass11,关联新增实体类11
NewEntityClass12,关联新增实体类12
NewEntityClass13,关联新增实体类13
NewEntityClass14,关联新增实体类14
NewEntityClass15,关联新增实体类15
NewEntityClass16,关联新增实体类16
NewEntityClass17,关联新增实体类17
NewEntityClass18,关联新增实体类18
NewEntityClass19,关联新增实体类19
NewEntityClass20,关联新增实体类20
NewEntityClass21,关联新增实体类21
NewEntityClass22,关联新增实体类22
NewEntityClass23,关联新增实体类23
NewEntityClass24,关联新增实体类24
NewEntityClass25,关联新增实体类25
NewEntityClass26,关联新增实体类26
NewEntityClass27,关联新增实体类27
NewEntityClass28,关联新增实体类28
NewEntityClass29,关联新增实体类29
NewEntityClass30,关联新增实体类30
NewEntityClass31,关联新增实体类31
NewEntityClass32,关联新增实体类32
NewEntityClass33,关联新增实体类33
NewEntityClass34,关联新增实体类34
NewEntityClass35,关联新增实体类35
NewEntityClass36,关联新增实体类36
NewEntityClass37,关联新增实体类37
NewEntityClass38,关联新增实体类38
NewEntityClass39,关联新增实体类39
NewEntityClass40,关联新增实体类40
NewEntityClass41,关联新增实体类41
NewEntityClass42,关联新增实体类42
NewEntityClass43,关联新增实体类43
NewEntityClass44,关联新增实体类44
NewEntityClass45,关联新增实体类45
NewEntityClass46,关联新增实体类46
NewEntityClass47,关联新增实体类47
NewEntityClass48,关联新增实体类48
NewEntityClass49,关联新增实体类49
NewEntityClass50,关联新增实体类50
NewEntityClass51,关联新增实体类51
NewEntityClass52,关联新增实体类52
NewEntityClass53,关联新增实体类53
NewEntityClass54,关联新增实体类54
NewEntityClass55,关联新增实体类55
NewEntityClass56,关联新增实体类56
NewEntityClass57,关联新增实体类57
NewEntityClass58,关联新增实体类58
NewEntityClass59,关联新增实体类59
NewEntityClass60,关联新增实体类60
NewEntityClass61,关联新增实体类61
NewEntityClass62,关联新增实体类62
NewEntityClass63,关联新增实体类63
NewEntityClass64,关联新增实体类64
NewEntityClass65,关联新增实体类65
NewEntityClass66,关联新增实体类66
NewEntityClass67,关联新增实体类67
NewEntityClass68,关联新增实体类68
NewEntityClass69,关联新增实体类69
NewEntityClass70,关联新增实体类70
NewEntityClass71,关联新增实体类71
NewEntityClass72,关联新增实体类72
NewEntityClass73,关联新增实体类73
NewEntityClass74,关联新增实体类74
NewEntityClass75,关联新增实体类75
NewEntityClass76,关联新增实体类76
NewEntityClass77,关联新增实体类77
NewEntityClass78,关联新增实体类78
NewEntityClass79,关联新增实体类79
NewEntityClass80,关联新增实体类80
NewEntityClass81,关联新增实体类81
NewEntityClass82,关联新增实体类82
NewEntityClass83,关联新增实体类83
NewEntityClass84,关联新增实体类84
NewEntityClass85,关联新增实体类85
NewEntityClass86,关联新增实体类86
NewEntityClass87,关联新增实体类87
NewEntityClass88,关联新增实体类88
NewEntityClass89,关联新增实体类89
NewEntityClass90,关联新增实体类90
NewEntityClass91,关联新增实体类91
NewEntityClass92,关联新增实体类92
NewEntityClass93,关联新增实体类93
NewEntityClass94,关联新增实体类94
NewEntityClass95,关联新增实体类95
NewEntityClass96,关联新增实体类96
NewEntityClass97,关联新增实体类97
NewEntityClass98,关联新增实体类98
NewEntityClass99,关联新增实体类99
NewEntityClass100,关联新增实体类100
