新增授权条件1,s0t0r0i0ng
新增授权条件2,s0t0r0i1ng
新增授权条件3,s0t0r0i2ng
新增授权条件4,s0t0r0i3ng
新增授权条件5,s0t0r0i4ng
新增授权条件6,s0t0r0i5ng
新增授权条件7,s0t0r0i6ng
新增授权条件8,s0t0r0i7ng
新增授权条件9,s0t0r0i8ng
新增授权条件10,s0t0r0i9ng
新增授权条件11,s0t0r0i10ng
新增授权条件12,s0t0r0i11ng
新增授权条件13,s0t0r0i12ng
新增授权条件14,s0t0r0i13ng
新增授权条件15,s0t0r0i14ng
新增授权条件16,s0t0r0i15ng
新增授权条件17,s0t0r0i16ng
新增授权条件18,s0t0r0i17ng
新增授权条件19,s0t0r0i18ng
新增授权条件20,s0t0r0i19ng
新增授权条件21,s0t0r0i20ng
新增授权条件22,s0t0r0i21ng
新增授权条件23,s0t0r0i22ng
新增授权条件24,s0t0r0i23ng
新增授权条件25,s0t0r0i24ng
新增授权条件26,s0t0r0i25ng
新增授权条件27,s0t0r0i26ng
新增授权条件28,s0t0r0i27ng
新增授权条件29,s0t0r0i28ng
新增授权条件30,s0t0r0i29ng
新增授权条件31,s0t0r0i30ng
新增授权条件32,s0t0r0i31ng
新增授权条件33,s0t0r0i32ng
新增授权条件34,s0t0r0i33ng
新增授权条件35,s0t0r0i34ng
新增授权条件36,s0t0r0i35ng
新增授权条件37,s0t0r0i36ng
新增授权条件38,s0t0r0i37ng
新增授权条件39,s0t0r0i38ng
新增授权条件40,s0t0r0i39ng
新增授权条件41,s0t0r0i40ng
新增授权条件42,s0t0r0i41ng
新增授权条件43,s0t0r0i42ng
新增授权条件44,s0t0r0i43ng
新增授权条件45,s0t0r0i44ng
新增授权条件46,s0t0r0i45ng
新增授权条件47,s0t0r0i46ng
新增授权条件48,s0t0r0i47ng
新增授权条件49,s0t0r0i48ng
新增授权条件50,s0t0r0i49ng
新增授权条件51,s0t0r0i50ng
新增授权条件52,s0t0r0i51ng
新增授权条件53,s0t0r0i52ng
新增授权条件54,s0t0r0i53ng
新增授权条件55,s0t0r0i54ng
新增授权条件56,s0t0r0i55ng
新增授权条件57,s0t0r0i56ng
新增授权条件58,s0t0r0i57ng
新增授权条件59,s0t0r0i58ng
新增授权条件60,s0t0r0i59ng
新增授权条件61,s0t0r0i60ng
新增授权条件62,s0t0r0i61ng
新增授权条件63,s0t0r0i62ng
新增授权条件64,s0t0r0i63ng
新增授权条件65,s0t0r0i64ng
新增授权条件66,s0t0r0i65ng
新增授权条件67,s0t0r0i66ng
新增授权条件68,s0t0r0i67ng
新增授权条件69,s0t0r0i68ng
新增授权条件70,s0t0r0i69ng
新增授权条件71,s0t0r0i70ng
新增授权条件72,s0t0r0i71ng
新增授权条件73,s0t0r0i72ng
新增授权条件74,s0t0r0i73ng
新增授权条件75,s0t0r0i74ng
新增授权条件76,s0t0r0i75ng
新增授权条件77,s0t0r0i76ng
新增授权条件78,s0t0r0i77ng
新增授权条件79,s0t0r0i78ng
新增授权条件80,s0t0r0i79ng
新增授权条件81,s0t0r0i80ng
新增授权条件82,s0t0r0i81ng
新增授权条件83,s0t0r0i82ng
新增授权条件84,s0t0r0i83ng
新增授权条件85,s0t0r0i84ng
新增授权条件86,s0t0r0i85ng
新增授权条件87,s0t0r0i86ng
新增授权条件88,s0t0r0i87ng
新增授权条件89,s0t0r0i88ng
新增授权条件90,s0t0r0i89ng
新增授权条件91,s0t0r0i90ng
新增授权条件92,s0t0r0i91ng
新增授权条件93,s0t0r0i92ng
新增授权条件94,s0t0r0i93ng
新增授权条件95,s0t0r0i94ng
新增授权条件96,s0t0r0i95ng
新增授权条件97,s0t0r0i96ng
新增授权条件98,s0t0r0i97ng
新增授权条件99,s0t0r0i98ng
新增授权条件100,s0t0r0i99ng
