database1,新添加资料库1
database2,新添加资料库2
database3,新添加资料库3
database4,新添加资料库4
database5,新添加资料库5
database6,新添加资料库6
database7,新添加资料库7
database8,新添加资料库8
database9,新添加资料库9
database10,新添加资料库10
database11,新添加资料库11
database12,新添加资料库12
database13,新添加资料库13
database14,新添加资料库14
database15,新添加资料库15
database16,新添加资料库16
database17,新添加资料库17
database18,新添加资料库18
database19,新添加资料库19
database20,新添加资料库20
database21,新添加资料库21
database22,新添加资料库22
database23,新添加资料库23
database24,新添加资料库24
database25,新添加资料库25
database26,新添加资料库26
database27,新添加资料库27
database28,新添加资料库28
database29,新添加资料库29
database30,新添加资料库30
database31,新添加资料库31
database32,新添加资料库32
database33,新添加资料库33
database34,新添加资料库34
database35,新添加资料库35
database36,新添加资料库36
database37,新添加资料库37
database38,新添加资料库38
database39,新添加资料库39
database40,新添加资料库40
database41,新添加资料库41
database42,新添加资料库42
database43,新添加资料库43
database44,新添加资料库44
database45,新添加资料库45
database46,新添加资料库46
database47,新添加资料库47
database48,新添加资料库48
database49,新添加资料库49
database50,新添加资料库50
database51,新添加资料库51
database52,新添加资料库52
database53,新添加资料库53
database54,新添加资料库54
database55,新添加资料库55
database56,新添加资料库56
database57,新添加资料库57
database58,新添加资料库58
database59,新添加资料库59
database60,新添加资料库60
database61,新添加资料库61
database62,新添加资料库62
database63,新添加资料库63
database64,新添加资料库64
database65,新添加资料库65
database66,新添加资料库66
database67,新添加资料库67
database68,新添加资料库68
database69,新添加资料库69
database70,新添加资料库70
database71,新添加资料库71
database72,新添加资料库72
database73,新添加资料库73
database74,新添加资料库74
database75,新添加资料库75
database76,新添加资料库76
database77,新添加资料库77
database78,新添加资料库78
database79,新添加资料库79
database80,新添加资料库80
database81,新添加资料库81
database82,新添加资料库82
database83,新添加资料库83
database84,新添加资料库84
database85,新添加资料库85
database86,新添加资料库86
database87,新添加资料库87
database88,新添加资料库88
database89,新添加资料库89
database90,新添加资料库90
database91,新添加资料库91
database92,新添加资料库92
database93,新添加资料库93
database94,新添加资料库94
database95,新添加资料库95
database96,新添加资料库96
database97,新添加资料库97
database98,新添加资料库98
database99,新添加资料库99
database100,新添加资料库100
