modulescreate1,新增模块类1
modulescreate2,新增模块类2
modulescreate3,新增模块类3
modulescreate4,新增模块类4
modulescreate5,新增模块类5
modulescreate6,新增模块类6
modulescreate7,新增模块类7
modulescreate8,新增模块类8
modulescreate9,新增模块类9
modulescreate10,新增模块类10
modulescreate11,新增模块类11
modulescreate12,新增模块类12
modulescreate13,新增模块类13
modulescreate14,新增模块类14
modulescreate15,新增模块类15
modulescreate16,新增模块类16
modulescreate17,新增模块类17
modulescreate18,新增模块类18
modulescreate19,新增模块类19
modulescreate20,新增模块类20
modulescreate21,新增模块类21
modulescreate22,新增模块类22
modulescreate23,新增模块类23
modulescreate24,新增模块类24
modulescreate25,新增模块类25
modulescreate26,新增模块类26
modulescreate27,新增模块类27
modulescreate28,新增模块类28
modulescreate29,新增模块类29
modulescreate30,新增模块类30
modulescreate31,新增模块类31
modulescreate32,新增模块类32
modulescreate33,新增模块类33
modulescreate34,新增模块类34
modulescreate35,新增模块类35
modulescreate36,新增模块类36
modulescreate37,新增模块类37
modulescreate38,新增模块类38
modulescreate39,新增模块类39
modulescreate40,新增模块类40
modulescreate41,新增模块类41
modulescreate42,新增模块类42
modulescreate43,新增模块类43
modulescreate44,新增模块类44
modulescreate45,新增模块类45
modulescreate46,新增模块类46
modulescreate47,新增模块类47
modulescreate48,新增模块类48
modulescreate49,新增模块类49
modulescreate50,新增模块类50
modulescreate51,新增模块类51
modulescreate52,新增模块类52
modulescreate53,新增模块类53
modulescreate54,新增模块类54
modulescreate55,新增模块类55
modulescreate56,新增模块类56
modulescreate57,新增模块类57
modulescreate58,新增模块类58
modulescreate59,新增模块类59
modulescreate60,新增模块类60
modulescreate61,新增模块类61
modulescreate62,新增模块类62
modulescreate63,新增模块类63
modulescreate64,新增模块类64
modulescreate65,新增模块类65
modulescreate66,新增模块类66
modulescreate67,新增模块类67
modulescreate68,新增模块类68
modulescreate69,新增模块类69
modulescreate70,新增模块类70
modulescreate71,新增模块类71
modulescreate72,新增模块类72
modulescreate73,新增模块类73
modulescreate74,新增模块类74
modulescreate75,新增模块类75
modulescreate76,新增模块类76
modulescreate77,新增模块类77
modulescreate78,新增模块类78
modulescreate79,新增模块类79
modulescreate80,新增模块类80
modulescreate81,新增模块类81
modulescreate82,新增模块类82
modulescreate83,新增模块类83
modulescreate84,新增模块类84
modulescreate85,新增模块类85
modulescreate86,新增模块类86
modulescreate87,新增模块类87
modulescreate88,新增模块类88
modulescreate89,新增模块类89
modulescreate90,新增模块类90
modulescreate91,新增模块类91
modulescreate92,新增模块类92
modulescreate93,新增模块类93
modulescreate94,新增模块类94
modulescreate95,新增模块类95
modulescreate96,新增模块类96
modulescreate97,新增模块类97
modulescreate98,新增模块类98
modulescreate99,新增模块类99
modulescreate100,新增模块类100
