queryoperations1,添加快速查询操作1
queryoperations2,添加快速查询操作2
queryoperations3,添加快速查询操作3
queryoperations4,添加快速查询操作4
queryoperations5,添加快速查询操作5
queryoperations6,添加快速查询操作6
queryoperations7,添加快速查询操作7
queryoperations8,添加快速查询操作8
queryoperations9,添加快速查询操作9
queryoperations10,添加快速查询操作10
queryoperations11,添加快速查询操作11
queryoperations12,添加快速查询操作12
queryoperations13,添加快速查询操作13
queryoperations14,添加快速查询操作14
queryoperations15,添加快速查询操作15
queryoperations16,添加快速查询操作16
queryoperations17,添加快速查询操作17
queryoperations18,添加快速查询操作18
queryoperations19,添加快速查询操作19
queryoperations20,添加快速查询操作20
queryoperations21,添加快速查询操作21
queryoperations22,添加快速查询操作22
queryoperations23,添加快速查询操作23
queryoperations24,添加快速查询操作24
queryoperations25,添加快速查询操作25
queryoperations26,添加快速查询操作26
queryoperations27,添加快速查询操作27
queryoperations28,添加快速查询操作28
queryoperations29,添加快速查询操作29
queryoperations30,添加快速查询操作30
queryoperations31,添加快速查询操作31
queryoperations32,添加快速查询操作32
queryoperations33,添加快速查询操作33
queryoperations34,添加快速查询操作34
queryoperations35,添加快速查询操作35
queryoperations36,添加快速查询操作36
queryoperations37,添加快速查询操作37
queryoperations38,添加快速查询操作38
queryoperations39,添加快速查询操作39
queryoperations40,添加快速查询操作40
queryoperations41,添加快速查询操作41
queryoperations42,添加快速查询操作42
queryoperations43,添加快速查询操作43
queryoperations44,添加快速查询操作44
queryoperations45,添加快速查询操作45
queryoperations46,添加快速查询操作46
queryoperations47,添加快速查询操作47
queryoperations48,添加快速查询操作48
queryoperations49,添加快速查询操作49
queryoperations50,添加快速查询操作50
queryoperations51,添加快速查询操作51
queryoperations52,添加快速查询操作52
queryoperations53,添加快速查询操作53
queryoperations54,添加快速查询操作54
queryoperations55,添加快速查询操作55
queryoperations56,添加快速查询操作56
queryoperations57,添加快速查询操作57
queryoperations58,添加快速查询操作58
queryoperations59,添加快速查询操作59
queryoperations60,添加快速查询操作60
queryoperations61,添加快速查询操作61
queryoperations62,添加快速查询操作62
queryoperations63,添加快速查询操作63
queryoperations64,添加快速查询操作64
queryoperations65,添加快速查询操作65
queryoperations66,添加快速查询操作66
queryoperations67,添加快速查询操作67
queryoperations68,添加快速查询操作68
queryoperations69,添加快速查询操作69
queryoperations70,添加快速查询操作70
queryoperations71,添加快速查询操作71
queryoperations72,添加快速查询操作72
queryoperations73,添加快速查询操作73
queryoperations74,添加快速查询操作74
queryoperations75,添加快速查询操作75
queryoperations76,添加快速查询操作76
queryoperations77,添加快速查询操作77
queryoperations78,添加快速查询操作78
queryoperations79,添加快速查询操作79
queryoperations80,添加快速查询操作80
queryoperations81,添加快速查询操作81
queryoperations82,添加快速查询操作82
queryoperations83,添加快速查询操作83
queryoperations84,添加快速查询操作84
queryoperations85,添加快速查询操作85
queryoperations86,添加快速查询操作86
queryoperations87,添加快速查询操作87
queryoperations88,添加快速查询操作88
queryoperations89,添加快速查询操作89
queryoperations90,添加快速查询操作90
queryoperations91,添加快速查询操作91
queryoperations92,添加快速查询操作92
queryoperations93,添加快速查询操作93
queryoperations94,添加快速查询操作94
queryoperations95,添加快速查询操作95
queryoperations96,添加快速查询操作96
queryoperations97,添加快速查询操作97
queryoperations98,添加快速查询操作98
queryoperations99,添加快速查询操作99
queryoperations100,添加快速查询操作100
