新增组1,group1,1
新增组2,group2,2
新增组3,group3,3
新增组4,group4,4
新增组5,group5,5
新增组6,group6,6
新增组7,group7,7
新增组8,group8,8
新增组9,group9,9
新增组10,group10,10
新增组11,group11,11
新增组12,group12,12
新增组13,group13,13
新增组14,group14,14
新增组15,group15,15
新增组16,group16,16
新增组17,group17,17
新增组18,group18,18
新增组19,group19,19
新增组20,group20,20
新增组21,group21,21
新增组22,group22,22
新增组23,group23,23
新增组24,group24,24
新增组25,group25,25
新增组26,group26,26
新增组27,group27,27
新增组28,group28,28
新增组29,group29,29
新增组30,group30,30
新增组31,group31,31
新增组32,group32,32
新增组33,group33,33
新增组34,group34,34
新增组35,group35,35
新增组36,group36,36
新增组37,group37,37
新增组38,group38,38
新增组39,group39,39
新增组40,group40,40
新增组41,group41,41
新增组42,group42,42
新增组43,group43,43
新增组44,group44,44
新增组45,group45,45
新增组46,group46,46
新增组47,group47,47
新增组48,group48,48
新增组49,group49,49
新增组50,group50,50
新增组51,group51,51
新增组52,group52,52
新增组53,group53,53
新增组54,group54,54
新增组55,group55,55
新增组56,group56,56
新增组57,group57,57
新增组58,group58,58
新增组59,group59,59
新增组60,group60,60
新增组61,group61,61
新增组62,group62,62
新增组63,group63,63
新增组64,group64,64
新增组65,group65,65
新增组66,group66,66
新增组67,group67,67
新增组68,group68,68
新增组69,group69,69
新增组70,group70,70
新增组71,group71,71
新增组72,group72,72
新增组73,group73,73
新增组74,group74,74
新增组75,group75,75
新增组76,group76,76
新增组77,group77,77
新增组78,group78,78
新增组79,group79,79
新增组80,group80,80
新增组81,group81,81
新增组82,group82,82
新增组83,group83,83
新增组84,group84,84
新增组85,group85,85
新增组86,group86,86
新增组87,group87,87
新增组88,group88,88
新增组89,group89,89
新增组90,group90,90
新增组91,group91,91
新增组92,group92,92
新增组93,group93,93
新增组94,group94,94
新增组95,group95,95
新增组96,group96,96
新增组97,group97,97
新增组98,group98,98
新增组99,group99,99
新增组100,group100,100
