SourceFile1,BeforeCreate1,fromseleniumimportwebdriverclassBrowser:
SourceFile2,BeforeCreate2,fromseleniumimportwebdriverclassBrowser:
SourceFile3,BeforeCreate3,fromseleniumimportwebdriverclassBrowser:
SourceFile4,BeforeCreate4,fromseleniumimportwebdriverclassBrowser:
SourceFile5,BeforeCreate5,fromseleniumimportwebdriverclassBrowser:
SourceFile6,BeforeCreate6,fromseleniumimportwebdriverclassBrowser:
SourceFile7,BeforeCreate7,fromseleniumimportwebdriverclassBrowser:
SourceFile8,BeforeCreate8,fromseleniumimportwebdriverclassBrowser:
SourceFile9,BeforeCreate9,fromseleniumimportwebdriverclassBrowser:
SourceFile10,BeforeCreate10,fromseleniumimportwebdriverclassBrowser:
SourceFile11,BeforeCreate11,fromseleniumimportwebdriverclassBrowser:
SourceFile12,BeforeCreate12,fromseleniumimportwebdriverclassBrowser:
SourceFile13,BeforeCreate13,fromseleniumimportwebdriverclassBrowser:
SourceFile14,BeforeCreate14,fromseleniumimportwebdriverclassBrowser:
SourceFile15,BeforeCreate15,fromseleniumimportwebdriverclassBrowser:
SourceFile16,BeforeCreate16,fromseleniumimportwebdriverclassBrowser:
SourceFile17,BeforeCreate17,fromseleniumimportwebdriverclassBrowser:
SourceFile18,BeforeCreate18,fromseleniumimportwebdriverclassBrowser:
SourceFile19,BeforeCreate19,fromseleniumimportwebdriverclassBrowser:
SourceFile20,BeforeCreate20,fromseleniumimportwebdriverclassBrowser:
SourceFile21,BeforeCreate21,fromseleniumimportwebdriverclassBrowser:
SourceFile22,BeforeCreate22,fromseleniumimportwebdriverclassBrowser:
SourceFile23,BeforeCreate23,fromseleniumimportwebdriverclassBrowser:
SourceFile24,BeforeCreate24,fromseleniumimportwebdriverclassBrowser:
SourceFile25,BeforeCreate25,fromseleniumimportwebdriverclassBrowser:
SourceFile26,BeforeCreate26,fromseleniumimportwebdriverclassBrowser:
SourceFile27,BeforeCreate27,fromseleniumimportwebdriverclassBrowser:
SourceFile28,BeforeCreate28,fromseleniumimportwebdriverclassBrowser:
SourceFile29,BeforeCreate29,fromseleniumimportwebdriverclassBrowser:
SourceFile30,BeforeCreate30,fromseleniumimportwebdriverclassBrowser:
SourceFile31,BeforeCreate31,fromseleniumimportwebdriverclassBrowser:
SourceFile32,BeforeCreate32,fromseleniumimportwebdriverclassBrowser:
SourceFile33,BeforeCreate33,fromseleniumimportwebdriverclassBrowser:
SourceFile34,BeforeCreate34,fromseleniumimportwebdriverclassBrowser:
SourceFile35,BeforeCreate35,fromseleniumimportwebdriverclassBrowser:
SourceFile36,BeforeCreate36,fromseleniumimportwebdriverclassBrowser:
SourceFile37,BeforeCreate37,fromseleniumimportwebdriverclassBrowser:
SourceFile38,BeforeCreate38,fromseleniumimportwebdriverclassBrowser:
SourceFile39,BeforeCreate39,fromseleniumimportwebdriverclassBrowser:
SourceFile40,BeforeCreate40,fromseleniumimportwebdriverclassBrowser:
SourceFile41,BeforeCreate41,fromseleniumimportwebdriverclassBrowser:
SourceFile42,BeforeCreate42,fromseleniumimportwebdriverclassBrowser:
SourceFile43,BeforeCreate43,fromseleniumimportwebdriverclassBrowser:
SourceFile44,BeforeCreate44,fromseleniumimportwebdriverclassBrowser:
SourceFile45,BeforeCreate45,fromseleniumimportwebdriverclassBrowser:
SourceFile46,BeforeCreate46,fromseleniumimportwebdriverclassBrowser:
SourceFile47,BeforeCreate47,fromseleniumimportwebdriverclassBrowser:
SourceFile48,BeforeCreate48,fromseleniumimportwebdriverclassBrowser:
SourceFile49,BeforeCreate49,fromseleniumimportwebdriverclassBrowser:
SourceFile50,BeforeCreate50,fromseleniumimportwebdriverclassBrowser:
SourceFile51,BeforeCreate51,fromseleniumimportwebdriverclassBrowser:
SourceFile52,BeforeCreate52,fromseleniumimportwebdriverclassBrowser:
SourceFile53,BeforeCreate53,fromseleniumimportwebdriverclassBrowser:
SourceFile54,BeforeCreate54,fromseleniumimportwebdriverclassBrowser:
SourceFile55,BeforeCreate55,fromseleniumimportwebdriverclassBrowser:
SourceFile56,BeforeCreate56,fromseleniumimportwebdriverclassBrowser:
SourceFile57,BeforeCreate57,fromseleniumimportwebdriverclassBrowser:
SourceFile58,BeforeCreate58,fromseleniumimportwebdriverclassBrowser:
SourceFile59,BeforeCreate59,fromseleniumimportwebdriverclassBrowser:
SourceFile60,BeforeCreate60,fromseleniumimportwebdriverclassBrowser:
SourceFile61,BeforeCreate61,fromseleniumimportwebdriverclassBrowser:
SourceFile62,BeforeCreate62,fromseleniumimportwebdriverclassBrowser:
SourceFile63,BeforeCreate63,fromseleniumimportwebdriverclassBrowser:
SourceFile64,BeforeCreate64,fromseleniumimportwebdriverclassBrowser:
SourceFile65,BeforeCreate65,fromseleniumimportwebdriverclassBrowser:
SourceFile66,BeforeCreate66,fromseleniumimportwebdriverclassBrowser:
SourceFile67,BeforeCreate67,fromseleniumimportwebdriverclassBrowser:
SourceFile68,BeforeCreate68,fromseleniumimportwebdriverclassBrowser:
SourceFile69,BeforeCreate69,fromseleniumimportwebdriverclassBrowser:
SourceFile70,BeforeCreate70,fromseleniumimportwebdriverclassBrowser:
SourceFile71,BeforeCreate71,fromseleniumimportwebdriverclassBrowser:
SourceFile72,BeforeCreate72,fromseleniumimportwebdriverclassBrowser:
SourceFile73,BeforeCreate73,fromseleniumimportwebdriverclassBrowser:
SourceFile74,BeforeCreate74,fromseleniumimportwebdriverclassBrowser:
SourceFile75,BeforeCreate75,fromseleniumimportwebdriverclassBrowser:
SourceFile76,BeforeCreate76,fromseleniumimportwebdriverclassBrowser:
SourceFile77,BeforeCreate77,fromseleniumimportwebdriverclassBrowser:
SourceFile78,BeforeCreate78,fromseleniumimportwebdriverclassBrowser:
SourceFile79,BeforeCreate79,fromseleniumimportwebdriverclassBrowser:
SourceFile80,BeforeCreate80,fromseleniumimportwebdriverclassBrowser:
SourceFile81,BeforeCreate81,fromseleniumimportwebdriverclassBrowser:
SourceFile82,BeforeCreate82,fromseleniumimportwebdriverclassBrowser:
SourceFile83,BeforeCreate83,fromseleniumimportwebdriverclassBrowser:
SourceFile84,BeforeCreate84,fromseleniumimportwebdriverclassBrowser:
SourceFile85,BeforeCreate85,fromseleniumimportwebdriverclassBrowser:
SourceFile86,BeforeCreate86,fromseleniumimportwebdriverclassBrowser:
SourceFile87,BeforeCreate87,fromseleniumimportwebdriverclassBrowser:
SourceFile88,BeforeCreate88,fromseleniumimportwebdriverclassBrowser:
SourceFile89,BeforeCreate89,fromseleniumimportwebdriverclassBrowser:
SourceFile90,BeforeCreate90,fromseleniumimportwebdriverclassBrowser:
SourceFile91,BeforeCreate91,fromseleniumimportwebdriverclassBrowser:
SourceFile92,BeforeCreate92,fromseleniumimportwebdriverclassBrowser:
SourceFile93,BeforeCreate93,fromseleniumimportwebdriverclassBrowser:
SourceFile94,BeforeCreate94,fromseleniumimportwebdriverclassBrowser:
SourceFile95,BeforeCreate95,fromseleniumimportwebdriverclassBrowser:
SourceFile96,BeforeCreate96,fromseleniumimportwebdriverclassBrowser:
SourceFile97,BeforeCreate97,fromseleniumimportwebdriverclassBrowser:
SourceFile98,BeforeCreate98,fromseleniumimportwebdriverclassBrowser:
SourceFile99,BeforeCreate99,fromseleniumimportwebdriverclassBrowser:
SourceFile100,BeforeCreate100,fromseleniumimportwebdriverclassBrowser:
