령령1,256456@qq.com,feifei1,123`ll
령령2,256457@qq.com,feifei2,124`ll
령령3,256458@qq.com,feifei3,125`ll
령령4,256459@qq.com,feifei4,126`ll
령령5,256460@qq.com,feifei5,127`ll
령령6,256461@qq.com,feifei6,128`ll
령령7,256462@qq.com,feifei7,129`ll
령령8,256463@qq.com,feifei8,130`ll
령령9,256464@qq.com,feifei9,131`ll
령령10,256465@qq.com,feifei10,132`ll
령령11,256466@qq.com,feifei11,133`ll
령령12,256467@qq.com,feifei12,134`ll
령령13,256468@qq.com,feifei13,135`ll
령령14,256469@qq.com,feifei14,136`ll
령령15,256470@qq.com,feifei15,137`ll
령령16,256471@qq.com,feifei16,138`ll
령령17,256472@qq.com,feifei17,139`ll
령령18,256473@qq.com,feifei18,140`ll
령령19,256474@qq.com,feifei19,141`ll
령령20,256475@qq.com,feifei20,142`ll
령령21,256476@qq.com,feifei21,143`ll
령령22,256477@qq.com,feifei22,144`ll
령령23,256478@qq.com,feifei23,145`ll
령령24,256479@qq.com,feifei24,146`ll
령령25,256480@qq.com,feifei25,147`ll
령령26,256481@qq.com,feifei26,148`ll
령령27,256482@qq.com,feifei27,149`ll
령령28,256483@qq.com,feifei28,150`ll
령령29,256484@qq.com,feifei29,151`ll
령령30,256485@qq.com,feifei30,152`ll
령령31,256486@qq.com,feifei31,153`ll
령령32,256487@qq.com,feifei32,154`ll
령령33,256488@qq.com,feifei33,155`ll
령령34,256489@qq.com,feifei34,156`ll
령령35,256490@qq.com,feifei35,157`ll
령령36,256491@qq.com,feifei36,158`ll
령령37,256492@qq.com,feifei37,159`ll
령령38,256493@qq.com,feifei38,160`ll
령령39,256494@qq.com,feifei39,161`ll
령령40,256495@qq.com,feifei40,162`ll
령령41,256496@qq.com,feifei41,163`ll
령령42,256497@qq.com,feifei42,164`ll
령령43,256498@qq.com,feifei43,165`ll
령령44,256499@qq.com,feifei44,166`ll
령령45,256500@qq.com,feifei45,167`ll
령령46,256501@qq.com,feifei46,168`ll
령령47,256502@qq.com,feifei47,169`ll
령령48,256503@qq.com,feifei48,170`ll
령령49,256504@qq.com,feifei49,171`ll
령령50,256505@qq.com,feifei50,172`ll
령령51,256506@qq.com,feifei51,173`ll
령령52,256507@qq.com,feifei52,174`ll
령령53,256508@qq.com,feifei53,175`ll
령령54,256509@qq.com,feifei54,176`ll
령령55,256510@qq.com,feifei55,177`ll
령령56,256511@qq.com,feifei56,178`ll
령령57,256512@qq.com,feifei57,179`ll
령령58,256513@qq.com,feifei58,180`ll
령령59,256514@qq.com,feifei59,181`ll
령령60,256515@qq.com,feifei60,182`ll
령령61,256516@qq.com,feifei61,183`ll
령령62,256517@qq.com,feifei62,184`ll
령령63,256518@qq.com,feifei63,185`ll
령령64,256519@qq.com,feifei64,186`ll
령령65,256520@qq.com,feifei65,187`ll
령령66,256521@qq.com,feifei66,188`ll
령령67,256522@qq.com,feifei67,189`ll
령령68,256523@qq.com,feifei68,190`ll
령령69,256524@qq.com,feifei69,191`ll
령령70,256525@qq.com,feifei70,192`ll
령령71,256526@qq.com,feifei71,193`ll
령령72,256527@qq.com,feifei72,194`ll
령령73,256528@qq.com,feifei73,195`ll
령령74,256529@qq.com,feifei74,196`ll
령령75,256530@qq.com,feifei75,197`ll
령령76,256531@qq.com,feifei76,198`ll
령령77,256532@qq.com,feifei77,199`ll
령령78,256533@qq.com,feifei78,200`ll
령령79,256534@qq.com,feifei79,201`ll
령령80,256535@qq.com,feifei80,202`ll
령령81,256536@qq.com,feifei81,203`ll
령령82,256537@qq.com,feifei82,204`ll
령령83,256538@qq.com,feifei83,205`ll
령령84,256539@qq.com,feifei84,206`ll
령령85,256540@qq.com,feifei85,207`ll
령령86,256541@qq.com,feifei86,208`ll
령령87,256542@qq.com,feifei87,209`ll
령령88,256543@qq.com,feifei88,210`ll
령령89,256544@qq.com,feifei89,211`ll
령령90,256545@qq.com,feifei90,212`ll
령령91,256546@qq.com,feifei91,213`ll
령령92,256547@qq.com,feifei92,214`ll
령령93,256548@qq.com,feifei93,215`ll
령령94,256549@qq.com,feifei94,216`ll
령령95,256550@qq.com,feifei95,217`ll
령령96,256551@qq.com,feifei96,218`ll
령령97,256552@qq.com,feifei97,219`ll
령령98,256553@qq.com,feifei98,220`ll
령령99,256554@qq.com,feifei99,221`ll
령령100,256555@qq.com,feifei100,222`ll
