±´±´1,256456@qq.com,feifei1,123`ll
±´±´2,256457@qq.com,feifei2,124`ll
±´±´3,256458@qq.com,feifei3,125`ll
±´±´4,256459@qq.com,feifei4,126`ll
±´±´5,256460@qq.com,feifei5,127`ll
±´±´6,256461@qq.com,feifei6,128`ll
±´±´7,256462@qq.com,feifei7,129`ll
±´±´8,256463@qq.com,feifei8,130`ll
±´±´9,256464@qq.com,feifei9,131`ll
±´±´10,256465@qq.com,feifei10,132`ll
±´±´11,256466@qq.com,feifei11,133`ll
±´±´12,256467@qq.com,feifei12,134`ll
±´±´13,256468@qq.com,feifei13,135`ll
±´±´14,256469@qq.com,feifei14,136`ll
±´±´15,256470@qq.com,feifei15,137`ll
±´±´16,256471@qq.com,feifei16,138`ll
±´±´17,256472@qq.com,feifei17,139`ll
±´±´18,256473@qq.com,feifei18,140`ll
±´±´19,256474@qq.com,feifei19,141`ll
±´±´20,256475@qq.com,feifei20,142`ll
±´±´21,256476@qq.com,feifei21,143`ll
±´±´22,256477@qq.com,feifei22,144`ll
±´±´23,256478@qq.com,feifei23,145`ll
±´±´24,256479@qq.com,feifei24,146`ll
±´±´25,256480@qq.com,feifei25,147`ll
±´±´26,256481@qq.com,feifei26,148`ll
±´±´27,256482@qq.com,feifei27,149`ll
±´±´28,256483@qq.com,feifei28,150`ll
±´±´29,256484@qq.com,feifei29,151`ll
±´±´30,256485@qq.com,feifei30,152`ll
±´±´31,256486@qq.com,feifei31,153`ll
±´±´32,256487@qq.com,feifei32,154`ll
±´±´33,256488@qq.com,feifei33,155`ll
±´±´34,256489@qq.com,feifei34,156`ll
±´±´35,256490@qq.com,feifei35,157`ll
±´±´36,256491@qq.com,feifei36,158`ll
±´±´37,256492@qq.com,feifei37,159`ll
±´±´38,256493@qq.com,feifei38,160`ll
±´±´39,256494@qq.com,feifei39,161`ll
±´±´40,256495@qq.com,feifei40,162`ll
±´±´41,256496@qq.com,feifei41,163`ll
±´±´42,256497@qq.com,feifei42,164`ll
±´±´43,256498@qq.com,feifei43,165`ll
±´±´44,256499@qq.com,feifei44,166`ll
±´±´45,256500@qq.com,feifei45,167`ll
±´±´46,256501@qq.com,feifei46,168`ll
±´±´47,256502@qq.com,feifei47,169`ll
±´±´48,256503@qq.com,feifei48,170`ll
±´±´49,256504@qq.com,feifei49,171`ll
±´±´50,256505@qq.com,feifei50,172`ll
±´±´51,256506@qq.com,feifei51,173`ll
±´±´52,256507@qq.com,feifei52,174`ll
±´±´53,256508@qq.com,feifei53,175`ll
±´±´54,256509@qq.com,feifei54,176`ll
±´±´55,256510@qq.com,feifei55,177`ll
±´±´56,256511@qq.com,feifei56,178`ll
±´±´57,256512@qq.com,feifei57,179`ll
±´±´58,256513@qq.com,feifei58,180`ll
±´±´59,256514@qq.com,feifei59,181`ll
±´±´60,256515@qq.com,feifei60,182`ll
±´±´61,256516@qq.com,feifei61,183`ll
±´±´62,256517@qq.com,feifei62,184`ll
±´±´63,256518@qq.com,feifei63,185`ll
±´±´64,256519@qq.com,feifei64,186`ll
±´±´65,256520@qq.com,feifei65,187`ll
±´±´66,256521@qq.com,feifei66,188`ll
±´±´67,256522@qq.com,feifei67,189`ll
±´±´68,256523@qq.com,feifei68,190`ll
±´±´69,256524@qq.com,feifei69,191`ll
±´±´70,256525@qq.com,feifei70,192`ll
±´±´71,256526@qq.com,feifei71,193`ll
±´±´72,256527@qq.com,feifei72,194`ll
±´±´73,256528@qq.com,feifei73,195`ll
±´±´74,256529@qq.com,feifei74,196`ll
±´±´75,256530@qq.com,feifei75,197`ll
±´±´76,256531@qq.com,feifei76,198`ll
±´±´77,256532@qq.com,feifei77,199`ll
±´±´78,256533@qq.com,feifei78,200`ll
±´±´79,256534@qq.com,feifei79,201`ll
±´±´80,256535@qq.com,feifei80,202`ll
±´±´81,256536@qq.com,feifei81,203`ll
±´±´82,256537@qq.com,feifei82,204`ll
±´±´83,256538@qq.com,feifei83,205`ll
±´±´84,256539@qq.com,feifei84,206`ll
±´±´85,256540@qq.com,feifei85,207`ll
±´±´86,256541@qq.com,feifei86,208`ll
±´±´87,256542@qq.com,feifei87,209`ll
±´±´88,256543@qq.com,feifei88,210`ll
±´±´89,256544@qq.com,feifei89,211`ll
±´±´90,256545@qq.com,feifei90,212`ll
±´±´91,256546@qq.com,feifei91,213`ll
±´±´92,256547@qq.com,feifei92,214`ll
±´±´93,256548@qq.com,feifei93,215`ll
±´±´94,256549@qq.com,feifei94,216`ll
±´±´95,256550@qq.com,feifei95,217`ll
±´±´96,256551@qq.com,feifei96,218`ll
±´±´97,256552@qq.com,feifei97,219`ll
±´±´98,256553@qq.com,feifei98,220`ll
±´±´99,256554@qq.com,feifei99,221`ll
±´±´100,256555@qq.com,feifei100,222`ll
