RelationA1,关联类A1
RelationA2,关联类A2
RelationA3,关联类A3
RelationA4,关联类A4
RelationA5,关联类A5
RelationA6,关联类A6
RelationA7,关联类A7
RelationA8,关联类A8
RelationA9,关联类A9
RelationA10,关联类A10
RelationA11,关联类A11
RelationA12,关联类A12
RelationA13,关联类A13
RelationA14,关联类A14
RelationA15,关联类A15
RelationA16,关联类A16
RelationA17,关联类A17
RelationA18,关联类A18
RelationA19,关联类A19
RelationA20,关联类A20
RelationA21,关联类A21
RelationA22,关联类A22
RelationA23,关联类A23
RelationA24,关联类A24
RelationA25,关联类A25
RelationA26,关联类A26
RelationA27,关联类A27
RelationA28,关联类A28
RelationA29,关联类A29
RelationA30,关联类A30
RelationA31,关联类A31
RelationA32,关联类A32
RelationA33,关联类A33
RelationA34,关联类A34
RelationA35,关联类A35
RelationA36,关联类A36
RelationA37,关联类A37
RelationA38,关联类A38
RelationA39,关联类A39
RelationA40,关联类A40
RelationA41,关联类A41
RelationA42,关联类A42
RelationA43,关联类A43
RelationA44,关联类A44
RelationA45,关联类A45
RelationA46,关联类A46
RelationA47,关联类A47
RelationA48,关联类A48
RelationA49,关联类A49
RelationA50,关联类A50
RelationA51,关联类A51
RelationA52,关联类A52
RelationA53,关联类A53
RelationA54,关联类A54
RelationA55,关联类A55
RelationA56,关联类A56
RelationA57,关联类A57
RelationA58,关联类A58
RelationA59,关联类A59
RelationA60,关联类A60
RelationA61,关联类A61
RelationA62,关联类A62
RelationA63,关联类A63
RelationA64,关联类A64
RelationA65,关联类A65
RelationA66,关联类A66
RelationA67,关联类A67
RelationA68,关联类A68
RelationA69,关联类A69
RelationA70,关联类A70
RelationA71,关联类A71
RelationA72,关联类A72
RelationA73,关联类A73
RelationA74,关联类A74
RelationA75,关联类A75
RelationA76,关联类A76
RelationA77,关联类A77
RelationA78,关联类A78
RelationA79,关联类A79
RelationA80,关联类A80
RelationA81,关联类A81
RelationA82,关联类A82
RelationA83,关联类A83
RelationA84,关联类A84
RelationA85,关联类A85
RelationA86,关联类A86
RelationA87,关联类A87
RelationA88,关联类A88
RelationA89,关联类A89
RelationA90,关联类A90
RelationA91,关联类A91
RelationA92,关联类A92
RelationA93,关联类A93
RelationA94,关联类A94
RelationA95,关联类A95
RelationA96,关联类A96
RelationA97,关联类A97
RelationA98,关联类A98
RelationA99,关联类A99
RelationA100,关联类A100
