AuthattributeName1,新增属性1
AuthattributeName2,新增属性2
AuthattributeName3,新增属性3
AuthattributeName4,新增属性4
AuthattributeName5,新增属性5
AuthattributeName6,新增属性6
AuthattributeName7,新增属性7
AuthattributeName8,新增属性8
AuthattributeName9,新增属性9
AuthattributeName10,新增属性10
AuthattributeName11,新增属性11
AuthattributeName12,新增属性12
AuthattributeName13,新增属性13
AuthattributeName14,新增属性14
AuthattributeName15,新增属性15
AuthattributeName16,新增属性16
AuthattributeName17,新增属性17
AuthattributeName18,新增属性18
AuthattributeName19,新增属性19
AuthattributeName20,新增属性20
AuthattributeName21,新增属性21
AuthattributeName22,新增属性22
AuthattributeName23,新增属性23
AuthattributeName24,新增属性24
AuthattributeName25,新增属性25
AuthattributeName26,新增属性26
AuthattributeName27,新增属性27
AuthattributeName28,新增属性28
AuthattributeName29,新增属性29
AuthattributeName30,新增属性30
AuthattributeName31,新增属性31
AuthattributeName32,新增属性32
AuthattributeName33,新增属性33
AuthattributeName34,新增属性34
AuthattributeName35,新增属性35
AuthattributeName36,新增属性36
AuthattributeName37,新增属性37
AuthattributeName38,新增属性38
AuthattributeName39,新增属性39
AuthattributeName40,新增属性40
AuthattributeName41,新增属性41
AuthattributeName42,新增属性42
AuthattributeName43,新增属性43
AuthattributeName44,新增属性44
AuthattributeName45,新增属性45
AuthattributeName46,新增属性46
AuthattributeName47,新增属性47
AuthattributeName48,新增属性48
AuthattributeName49,新增属性49
AuthattributeName50,新增属性50
AuthattributeName51,新增属性51
AuthattributeName52,新增属性52
AuthattributeName53,新增属性53
AuthattributeName54,新增属性54
AuthattributeName55,新增属性55
AuthattributeName56,新增属性56
AuthattributeName57,新增属性57
AuthattributeName58,新增属性58
AuthattributeName59,新增属性59
AuthattributeName60,新增属性60
AuthattributeName61,新增属性61
AuthattributeName62,新增属性62
AuthattributeName63,新增属性63
AuthattributeName64,新增属性64
AuthattributeName65,新增属性65
AuthattributeName66,新增属性66
AuthattributeName67,新增属性67
AuthattributeName68,新增属性68
AuthattributeName69,新增属性69
AuthattributeName70,新增属性70
AuthattributeName71,新增属性71
AuthattributeName72,新增属性72
AuthattributeName73,新增属性73
AuthattributeName74,新增属性74
AuthattributeName75,新增属性75
AuthattributeName76,新增属性76
AuthattributeName77,新增属性77
AuthattributeName78,新增属性78
AuthattributeName79,新增属性79
AuthattributeName80,新增属性80
AuthattributeName81,新增属性81
AuthattributeName82,新增属性82
AuthattributeName83,新增属性83
AuthattributeName84,新增属性84
AuthattributeName85,新增属性85
AuthattributeName86,新增属性86
AuthattributeName87,新增属性87
AuthattributeName88,新增属性88
AuthattributeName89,新增属性89
AuthattributeName90,新增属性90
AuthattributeName91,新增属性91
AuthattributeName92,新增属性92
AuthattributeName93,新增属性93
AuthattributeName94,新增属性94
AuthattributeName95,新增属性95
AuthattributeName96,新增属性96
AuthattributeName97,新增属性97
AuthattributeName98,新增属性98
AuthattributeName99,新增属性99
AuthattributeName100,新增属性100
