Applicationinformation1,新增应用模块1
Applicationinformation2,新增应用模块2
Applicationinformation3,新增应用模块3
Applicationinformation4,新增应用模块4
Applicationinformation5,新增应用模块5
Applicationinformation6,新增应用模块6
Applicationinformation7,新增应用模块7
Applicationinformation8,新增应用模块8
Applicationinformation9,新增应用模块9
Applicationinformation10,新增应用模块10
Applicationinformation11,新增应用模块11
Applicationinformation12,新增应用模块12
Applicationinformation13,新增应用模块13
Applicationinformation14,新增应用模块14
Applicationinformation15,新增应用模块15
Applicationinformation16,新增应用模块16
Applicationinformation17,新增应用模块17
Applicationinformation18,新增应用模块18
Applicationinformation19,新增应用模块19
Applicationinformation20,新增应用模块20
Applicationinformation21,新增应用模块21
Applicationinformation22,新增应用模块22
Applicationinformation23,新增应用模块23
Applicationinformation24,新增应用模块24
Applicationinformation25,新增应用模块25
Applicationinformation26,新增应用模块26
Applicationinformation27,新增应用模块27
Applicationinformation28,新增应用模块28
Applicationinformation29,新增应用模块29
Applicationinformation30,新增应用模块30
Applicationinformation31,新增应用模块31
Applicationinformation32,新增应用模块32
Applicationinformation33,新增应用模块33
Applicationinformation34,新增应用模块34
Applicationinformation35,新增应用模块35
Applicationinformation36,新增应用模块36
Applicationinformation37,新增应用模块37
Applicationinformation38,新增应用模块38
Applicationinformation39,新增应用模块39
Applicationinformation40,新增应用模块40
Applicationinformation41,新增应用模块41
Applicationinformation42,新增应用模块42
Applicationinformation43,新增应用模块43
Applicationinformation44,新增应用模块44
Applicationinformation45,新增应用模块45
Applicationinformation46,新增应用模块46
Applicationinformation47,新增应用模块47
Applicationinformation48,新增应用模块48
Applicationinformation49,新增应用模块49
Applicationinformation50,新增应用模块50
Applicationinformation51,新增应用模块51
Applicationinformation52,新增应用模块52
Applicationinformation53,新增应用模块53
Applicationinformation54,新增应用模块54
Applicationinformation55,新增应用模块55
Applicationinformation56,新增应用模块56
Applicationinformation57,新增应用模块57
Applicationinformation58,新增应用模块58
Applicationinformation59,新增应用模块59
Applicationinformation60,新增应用模块60
Applicationinformation61,新增应用模块61
Applicationinformation62,新增应用模块62
Applicationinformation63,新增应用模块63
Applicationinformation64,新增应用模块64
Applicationinformation65,新增应用模块65
Applicationinformation66,新增应用模块66
Applicationinformation67,新增应用模块67
Applicationinformation68,新增应用模块68
Applicationinformation69,新增应用模块69
Applicationinformation70,新增应用模块70
Applicationinformation71,新增应用模块71
Applicationinformation72,新增应用模块72
Applicationinformation73,新增应用模块73
Applicationinformation74,新增应用模块74
Applicationinformation75,新增应用模块75
Applicationinformation76,新增应用模块76
Applicationinformation77,新增应用模块77
Applicationinformation78,新增应用模块78
Applicationinformation79,新增应用模块79
Applicationinformation80,新增应用模块80
Applicationinformation81,新增应用模块81
Applicationinformation82,新增应用模块82
Applicationinformation83,新增应用模块83
Applicationinformation84,新增应用模块84
Applicationinformation85,新增应用模块85
Applicationinformation86,新增应用模块86
Applicationinformation87,新增应用模块87
Applicationinformation88,新增应用模块88
Applicationinformation89,新增应用模块89
Applicationinformation90,新增应用模块90
Applicationinformation91,新增应用模块91
Applicationinformation92,新增应用模块92
Applicationinformation93,新增应用模块93
Applicationinformation94,新增应用模块94
Applicationinformation95,新增应用模块95
Applicationinformation96,新增应用模块96
Applicationinformation97,新增应用模块97
Applicationinformation98,新增应用模块98
Applicationinformation99,新增应用模块99
Applicationinformation100,新增应用模块100
