NewAuthorizations1,新增授权项1
NewAuthorizations2,新增授权项2
NewAuthorizations3,新增授权项3
NewAuthorizations4,新增授权项4
NewAuthorizations5,新增授权项5
NewAuthorizations6,新增授权项6
NewAuthorizations7,新增授权项7
NewAuthorizations8,新增授权项8
NewAuthorizations9,新增授权项9
NewAuthorizations10,新增授权项10
NewAuthorizations11,新增授权项11
NewAuthorizations12,新增授权项12
NewAuthorizations13,新增授权项13
NewAuthorizations14,新增授权项14
NewAuthorizations15,新增授权项15
NewAuthorizations16,新增授权项16
NewAuthorizations17,新增授权项17
NewAuthorizations18,新增授权项18
NewAuthorizations19,新增授权项19
NewAuthorizations20,新增授权项20
NewAuthorizations21,新增授权项21
NewAuthorizations22,新增授权项22
NewAuthorizations23,新增授权项23
NewAuthorizations24,新增授权项24
NewAuthorizations25,新增授权项25
NewAuthorizations26,新增授权项26
NewAuthorizations27,新增授权项27
NewAuthorizations28,新增授权项28
NewAuthorizations29,新增授权项29
NewAuthorizations30,新增授权项30
NewAuthorizations31,新增授权项31
NewAuthorizations32,新增授权项32
NewAuthorizations33,新增授权项33
NewAuthorizations34,新增授权项34
NewAuthorizations35,新增授权项35
NewAuthorizations36,新增授权项36
NewAuthorizations37,新增授权项37
NewAuthorizations38,新增授权项38
NewAuthorizations39,新增授权项39
NewAuthorizations40,新增授权项40
NewAuthorizations41,新增授权项41
NewAuthorizations42,新增授权项42
NewAuthorizations43,新增授权项43
NewAuthorizations44,新增授权项44
NewAuthorizations45,新增授权项45
NewAuthorizations46,新增授权项46
NewAuthorizations47,新增授权项47
NewAuthorizations48,新增授权项48
NewAuthorizations49,新增授权项49
NewAuthorizations50,新增授权项50
NewAuthorizations51,新增授权项51
NewAuthorizations52,新增授权项52
NewAuthorizations53,新增授权项53
NewAuthorizations54,新增授权项54
NewAuthorizations55,新增授权项55
NewAuthorizations56,新增授权项56
NewAuthorizations57,新增授权项57
NewAuthorizations58,新增授权项58
NewAuthorizations59,新增授权项59
NewAuthorizations60,新增授权项60
NewAuthorizations61,新增授权项61
NewAuthorizations62,新增授权项62
NewAuthorizations63,新增授权项63
NewAuthorizations64,新增授权项64
NewAuthorizations65,新增授权项65
NewAuthorizations66,新增授权项66
NewAuthorizations67,新增授权项67
NewAuthorizations68,新增授权项68
NewAuthorizations69,新增授权项69
NewAuthorizations70,新增授权项70
NewAuthorizations71,新增授权项71
NewAuthorizations72,新增授权项72
NewAuthorizations73,新增授权项73
NewAuthorizations74,新增授权项74
NewAuthorizations75,新增授权项75
NewAuthorizations76,新增授权项76
NewAuthorizations77,新增授权项77
NewAuthorizations78,新增授权项78
NewAuthorizations79,新增授权项79
NewAuthorizations80,新增授权项80
NewAuthorizations81,新增授权项81
NewAuthorizations82,新增授权项82
NewAuthorizations83,新增授权项83
NewAuthorizations84,新增授权项84
NewAuthorizations85,新增授权项85
NewAuthorizations86,新增授权项86
NewAuthorizations87,新增授权项87
NewAuthorizations88,新增授权项88
NewAuthorizations89,新增授权项89
NewAuthorizations90,新增授权项90
NewAuthorizations91,新增授权项91
NewAuthorizations92,新增授权项92
NewAuthorizations93,新增授权项93
NewAuthorizations94,新增授权项94
NewAuthorizations95,新增授权项95
NewAuthorizations96,新增授权项96
NewAuthorizations97,新增授权项97
NewAuthorizations98,新增授权项98
NewAuthorizations99,新增授权项99
NewAuthorizations100,新增授权项100
