羽然1,256456@qq.com,yuran1,123`ll
羽然2,256457@qq.com,yuran2,124`ll
羽然3,256458@qq.com,yuran3,125`ll
羽然4,256459@qq.com,yuran4,126`ll
羽然5,256460@qq.com,yuran5,127`ll
羽然6,256461@qq.com,yuran6,128`ll
羽然7,256462@qq.com,yuran7,129`ll
羽然8,256463@qq.com,yuran8,130`ll
羽然9,256464@qq.com,yuran9,131`ll
羽然10,256465@qq.com,yuran10,132`ll
羽然11,256466@qq.com,yuran11,133`ll
羽然12,256467@qq.com,yuran12,134`ll
羽然13,256468@qq.com,yuran13,135`ll
羽然14,256469@qq.com,yuran14,136`ll
羽然15,256470@qq.com,yuran15,137`ll
羽然16,256471@qq.com,yuran16,138`ll
羽然17,256472@qq.com,yuran17,139`ll
羽然18,256473@qq.com,yuran18,140`ll
羽然19,256474@qq.com,yuran19,141`ll
羽然20,256475@qq.com,yuran20,142`ll
羽然21,256476@qq.com,yuran21,143`ll
羽然22,256477@qq.com,yuran22,144`ll
羽然23,256478@qq.com,yuran23,145`ll
羽然24,256479@qq.com,yuran24,146`ll
羽然25,256480@qq.com,yuran25,147`ll
羽然26,256481@qq.com,yuran26,148`ll
羽然27,256482@qq.com,yuran27,149`ll
羽然28,256483@qq.com,yuran28,150`ll
羽然29,256484@qq.com,yuran29,151`ll
羽然30,256485@qq.com,yuran30,152`ll
羽然31,256486@qq.com,yuran31,153`ll
羽然32,256487@qq.com,yuran32,154`ll
羽然33,256488@qq.com,yuran33,155`ll
羽然34,256489@qq.com,yuran34,156`ll
羽然35,256490@qq.com,yuran35,157`ll
羽然36,256491@qq.com,yuran36,158`ll
羽然37,256492@qq.com,yuran37,159`ll
羽然38,256493@qq.com,yuran38,160`ll
羽然39,256494@qq.com,yuran39,161`ll
羽然40,256495@qq.com,yuran40,162`ll
羽然41,256496@qq.com,yuran41,163`ll
羽然42,256497@qq.com,yuran42,164`ll
羽然43,256498@qq.com,yuran43,165`ll
羽然44,256499@qq.com,yuran44,166`ll
羽然45,256500@qq.com,yuran45,167`ll
羽然46,256501@qq.com,yuran46,168`ll
羽然47,256502@qq.com,yuran47,169`ll
羽然48,256503@qq.com,yuran48,170`ll
羽然49,256504@qq.com,yuran49,171`ll
羽然50,256505@qq.com,yuran50,172`ll
羽然51,256506@qq.com,yuran51,173`ll
羽然52,256507@qq.com,yuran52,174`ll
羽然53,256508@qq.com,yuran53,175`ll
羽然54,256509@qq.com,yuran54,176`ll
羽然55,256510@qq.com,yuran55,177`ll
羽然56,256511@qq.com,yuran56,178`ll
羽然57,256512@qq.com,yuran57,179`ll
羽然58,256513@qq.com,yuran58,180`ll
羽然59,256514@qq.com,yuran59,181`ll
羽然60,256515@qq.com,yuran60,182`ll
羽然61,256516@qq.com,yuran61,183`ll
羽然62,256517@qq.com,yuran62,184`ll
羽然63,256518@qq.com,yuran63,185`ll
羽然64,256519@qq.com,yuran64,186`ll
羽然65,256520@qq.com,yuran65,187`ll
羽然66,256521@qq.com,yuran66,188`ll
羽然67,256522@qq.com,yuran67,189`ll
羽然68,256523@qq.com,yuran68,190`ll
羽然69,256524@qq.com,yuran69,191`ll
羽然70,256525@qq.com,yuran70,192`ll
羽然71,256526@qq.com,yuran71,193`ll
羽然72,256527@qq.com,yuran72,194`ll
羽然73,256528@qq.com,yuran73,195`ll
羽然74,256529@qq.com,yuran74,196`ll
羽然75,256530@qq.com,yuran75,197`ll
羽然76,256531@qq.com,yuran76,198`ll
羽然77,256532@qq.com,yuran77,199`ll
羽然78,256533@qq.com,yuran78,200`ll
羽然79,256534@qq.com,yuran79,201`ll
羽然80,256535@qq.com,yuran80,202`ll
羽然81,256536@qq.com,yuran81,203`ll
羽然82,256537@qq.com,yuran82,204`ll
羽然83,256538@qq.com,yuran83,205`ll
羽然84,256539@qq.com,yuran84,206`ll
羽然85,256540@qq.com,yuran85,207`ll
羽然86,256541@qq.com,yuran86,208`ll
羽然87,256542@qq.com,yuran87,209`ll
羽然88,256543@qq.com,yuran88,210`ll
羽然89,256544@qq.com,yuran89,211`ll
羽然90,256545@qq.com,yuran90,212`ll
羽然91,256546@qq.com,yuran91,213`ll
羽然92,256547@qq.com,yuran92,214`ll
羽然93,256548@qq.com,yuran93,215`ll
羽然94,256549@qq.com,yuran94,216`ll
羽然95,256550@qq.com,yuran95,217`ll
羽然96,256551@qq.com,yuran96,218`ll
羽然97,256552@qq.com,yuran97,219`ll
羽然98,256553@qq.com,yuran98,220`ll
羽然99,256554@qq.com,yuran99,221`ll
羽然100,256555@qq.com,yuran100,222`ll
