นฌำ๐าย1,256456@qq.com,gongyu1,123`ll
นฌำ๐าย2,256457@qq.com,gongyu2,124`ll
นฌำ๐าย3,256458@qq.com,gongyu3,125`ll
นฌำ๐าย4,256459@qq.com,gongyu4,126`ll
นฌำ๐าย5,256460@qq.com,gongyu5,127`ll
นฌำ๐าย6,256461@qq.com,gongyu6,128`ll
นฌำ๐าย7,256462@qq.com,gongyu7,129`ll
นฌำ๐าย8,256463@qq.com,gongyu8,130`ll
นฌำ๐าย9,256464@qq.com,gongyu9,131`ll
นฌำ๐าย10,256465@qq.com,gongyu10,132`ll
นฌำ๐าย11,256466@qq.com,gongyu11,133`ll
นฌำ๐าย12,256467@qq.com,gongyu12,134`ll
นฌำ๐าย13,256468@qq.com,gongyu13,135`ll
นฌำ๐าย14,256469@qq.com,gongyu14,136`ll
นฌำ๐าย15,256470@qq.com,gongyu15,137`ll
นฌำ๐าย16,256471@qq.com,gongyu16,138`ll
นฌำ๐าย17,256472@qq.com,gongyu17,139`ll
นฌำ๐าย18,256473@qq.com,gongyu18,140`ll
นฌำ๐าย19,256474@qq.com,gongyu19,141`ll
นฌำ๐าย20,256475@qq.com,gongyu20,142`ll
นฌำ๐าย21,256476@qq.com,gongyu21,143`ll
นฌำ๐าย22,256477@qq.com,gongyu22,144`ll
นฌำ๐าย23,256478@qq.com,gongyu23,145`ll
นฌำ๐าย24,256479@qq.com,gongyu24,146`ll
นฌำ๐าย25,256480@qq.com,gongyu25,147`ll
นฌำ๐าย26,256481@qq.com,gongyu26,148`ll
นฌำ๐าย27,256482@qq.com,gongyu27,149`ll
นฌำ๐าย28,256483@qq.com,gongyu28,150`ll
นฌำ๐าย29,256484@qq.com,gongyu29,151`ll
นฌำ๐าย30,256485@qq.com,gongyu30,152`ll
นฌำ๐าย31,256486@qq.com,gongyu31,153`ll
นฌำ๐าย32,256487@qq.com,gongyu32,154`ll
นฌำ๐าย33,256488@qq.com,gongyu33,155`ll
นฌำ๐าย34,256489@qq.com,gongyu34,156`ll
นฌำ๐าย35,256490@qq.com,gongyu35,157`ll
นฌำ๐าย36,256491@qq.com,gongyu36,158`ll
นฌำ๐าย37,256492@qq.com,gongyu37,159`ll
นฌำ๐าย38,256493@qq.com,gongyu38,160`ll
นฌำ๐าย39,256494@qq.com,gongyu39,161`ll
นฌำ๐าย40,256495@qq.com,gongyu40,162`ll
นฌำ๐าย41,256496@qq.com,gongyu41,163`ll
นฌำ๐าย42,256497@qq.com,gongyu42,164`ll
นฌำ๐าย43,256498@qq.com,gongyu43,165`ll
นฌำ๐าย44,256499@qq.com,gongyu44,166`ll
นฌำ๐าย45,256500@qq.com,gongyu45,167`ll
นฌำ๐าย46,256501@qq.com,gongyu46,168`ll
นฌำ๐าย47,256502@qq.com,gongyu47,169`ll
นฌำ๐าย48,256503@qq.com,gongyu48,170`ll
นฌำ๐าย49,256504@qq.com,gongyu49,171`ll
นฌำ๐าย50,256505@qq.com,gongyu50,172`ll
นฌำ๐าย51,256506@qq.com,gongyu51,173`ll
นฌำ๐าย52,256507@qq.com,gongyu52,174`ll
นฌำ๐าย53,256508@qq.com,gongyu53,175`ll
นฌำ๐าย54,256509@qq.com,gongyu54,176`ll
นฌำ๐าย55,256510@qq.com,gongyu55,177`ll
นฌำ๐าย56,256511@qq.com,gongyu56,178`ll
นฌำ๐าย57,256512@qq.com,gongyu57,179`ll
นฌำ๐าย58,256513@qq.com,gongyu58,180`ll
นฌำ๐าย59,256514@qq.com,gongyu59,181`ll
นฌำ๐าย60,256515@qq.com,gongyu60,182`ll
นฌำ๐าย61,256516@qq.com,gongyu61,183`ll
นฌำ๐าย62,256517@qq.com,gongyu62,184`ll
นฌำ๐าย63,256518@qq.com,gongyu63,185`ll
นฌำ๐าย64,256519@qq.com,gongyu64,186`ll
นฌำ๐าย65,256520@qq.com,gongyu65,187`ll
นฌำ๐าย66,256521@qq.com,gongyu66,188`ll
นฌำ๐าย67,256522@qq.com,gongyu67,189`ll
นฌำ๐าย68,256523@qq.com,gongyu68,190`ll
นฌำ๐าย69,256524@qq.com,gongyu69,191`ll
นฌำ๐าย70,256525@qq.com,gongyu70,192`ll
นฌำ๐าย71,256526@qq.com,gongyu71,193`ll
นฌำ๐าย72,256527@qq.com,gongyu72,194`ll
นฌำ๐าย73,256528@qq.com,gongyu73,195`ll
นฌำ๐าย74,256529@qq.com,gongyu74,196`ll
นฌำ๐าย75,256530@qq.com,gongyu75,197`ll
นฌำ๐าย76,256531@qq.com,gongyu76,198`ll
นฌำ๐าย77,256532@qq.com,gongyu77,199`ll
นฌำ๐าย78,256533@qq.com,gongyu78,200`ll
นฌำ๐าย79,256534@qq.com,gongyu79,201`ll
นฌำ๐าย80,256535@qq.com,gongyu80,202`ll
นฌำ๐าย81,256536@qq.com,gongyu81,203`ll
นฌำ๐าย82,256537@qq.com,gongyu82,204`ll
นฌำ๐าย83,256538@qq.com,gongyu83,205`ll
นฌำ๐าย84,256539@qq.com,gongyu84,206`ll
นฌำ๐าย85,256540@qq.com,gongyu85,207`ll
นฌำ๐าย86,256541@qq.com,gongyu86,208`ll
นฌำ๐าย87,256542@qq.com,gongyu87,209`ll
นฌำ๐าย88,256543@qq.com,gongyu88,210`ll
นฌำ๐าย89,256544@qq.com,gongyu89,211`ll
นฌำ๐าย90,256545@qq.com,gongyu90,212`ll
นฌำ๐าย91,256546@qq.com,gongyu91,213`ll
นฌำ๐าย92,256547@qq.com,gongyu92,214`ll
นฌำ๐าย93,256548@qq.com,gongyu93,215`ll
นฌำ๐าย94,256549@qq.com,gongyu94,216`ll
นฌำ๐าย95,256550@qq.com,gongyu95,217`ll
นฌำ๐าย96,256551@qq.com,gongyu96,218`ll
นฌำ๐าย97,256552@qq.com,gongyu97,219`ll
นฌำ๐าย98,256553@qq.com,gongyu98,220`ll
นฌำ๐าย99,256554@qq.com,gongyu99,221`ll
นฌำ๐าย100,256555@qq.com,gongyu100,222`ll
