Locomotive1,机车类A1
Locomotive2,机车类A2
Locomotive3,机车类A3
Locomotive4,机车类A4
Locomotive5,机车类A5
Locomotive6,机车类A6
Locomotive7,机车类A7
Locomotive8,机车类A8
Locomotive9,机车类A9
Locomotive10,机车类A10
Locomotive11,机车类A11
Locomotive12,机车类A12
Locomotive13,机车类A13
Locomotive14,机车类A14
Locomotive15,机车类A15
Locomotive16,机车类A16
Locomotive17,机车类A17
Locomotive18,机车类A18
Locomotive19,机车类A19
Locomotive20,机车类A20
Locomotive21,机车类A21
Locomotive22,机车类A22
Locomotive23,机车类A23
Locomotive24,机车类A24
Locomotive25,机车类A25
Locomotive26,机车类A26
Locomotive27,机车类A27
Locomotive28,机车类A28
Locomotive29,机车类A29
Locomotive30,机车类A30
Locomotive31,机车类A31
Locomotive32,机车类A32
Locomotive33,机车类A33
Locomotive34,机车类A34
Locomotive35,机车类A35
Locomotive36,机车类A36
Locomotive37,机车类A37
Locomotive38,机车类A38
Locomotive39,机车类A39
Locomotive40,机车类A40
Locomotive41,机车类A41
Locomotive42,机车类A42
Locomotive43,机车类A43
Locomotive44,机车类A44
Locomotive45,机车类A45
Locomotive46,机车类A46
Locomotive47,机车类A47
Locomotive48,机车类A48
Locomotive49,机车类A49
Locomotive50,机车类A50
Locomotive51,机车类A51
Locomotive52,机车类A52
Locomotive53,机车类A53
Locomotive54,机车类A54
Locomotive55,机车类A55
Locomotive56,机车类A56
Locomotive57,机车类A57
Locomotive58,机车类A58
Locomotive59,机车类A59
Locomotive60,机车类A60
Locomotive61,机车类A61
Locomotive62,机车类A62
Locomotive63,机车类A63
Locomotive64,机车类A64
Locomotive65,机车类A65
Locomotive66,机车类A66
Locomotive67,机车类A67
Locomotive68,机车类A68
Locomotive69,机车类A69
Locomotive70,机车类A70
Locomotive71,机车类A71
Locomotive72,机车类A72
Locomotive73,机车类A73
Locomotive74,机车类A74
Locomotive75,机车类A75
Locomotive76,机车类A76
Locomotive77,机车类A77
Locomotive78,机车类A78
Locomotive79,机车类A79
Locomotive80,机车类A80
Locomotive81,机车类A81
Locomotive82,机车类A82
Locomotive83,机车类A83
Locomotive84,机车类A84
Locomotive85,机车类A85
Locomotive86,机车类A86
Locomotive87,机车类A87
Locomotive88,机车类A88
Locomotive89,机车类A89
Locomotive90,机车类A90
Locomotive91,机车类A91
Locomotive92,机车类A92
Locomotive93,机车类A93
Locomotive94,机车类A94
Locomotive95,机车类A95
Locomotive96,机车类A96
Locomotive97,机车类A97
Locomotive98,机车类A98
Locomotive99,机车类A99
Locomotive100,机车类A100
