Wherehouse1,≤÷ø‚¿‡A1
Wherehouse2,≤÷ø‚¿‡A2
Wherehouse3,≤÷ø‚¿‡A3
Wherehouse4,≤÷ø‚¿‡A4
Wherehouse5,≤÷ø‚¿‡A5
Wherehouse6,≤÷ø‚¿‡A6
Wherehouse7,≤÷ø‚¿‡A7
Wherehouse8,≤÷ø‚¿‡A8
Wherehouse9,≤÷ø‚¿‡A9
Wherehouse10,≤÷ø‚¿‡A10
Wherehouse11,≤÷ø‚¿‡A11
Wherehouse12,≤÷ø‚¿‡A12
Wherehouse13,≤÷ø‚¿‡A13
Wherehouse14,≤÷ø‚¿‡A14
Wherehouse15,≤÷ø‚¿‡A15
Wherehouse16,≤÷ø‚¿‡A16
Wherehouse17,≤÷ø‚¿‡A17
Wherehouse18,≤÷ø‚¿‡A18
Wherehouse19,≤÷ø‚¿‡A19
Wherehouse20,≤÷ø‚¿‡A20
Wherehouse21,≤÷ø‚¿‡A21
Wherehouse22,≤÷ø‚¿‡A22
Wherehouse23,≤÷ø‚¿‡A23
Wherehouse24,≤÷ø‚¿‡A24
Wherehouse25,≤÷ø‚¿‡A25
Wherehouse26,≤÷ø‚¿‡A26
Wherehouse27,≤÷ø‚¿‡A27
Wherehouse28,≤÷ø‚¿‡A28
Wherehouse29,≤÷ø‚¿‡A29
Wherehouse30,≤÷ø‚¿‡A30
Wherehouse31,≤÷ø‚¿‡A31
Wherehouse32,≤÷ø‚¿‡A32
Wherehouse33,≤÷ø‚¿‡A33
Wherehouse34,≤÷ø‚¿‡A34
Wherehouse35,≤÷ø‚¿‡A35
Wherehouse36,≤÷ø‚¿‡A36
Wherehouse37,≤÷ø‚¿‡A37
Wherehouse38,≤÷ø‚¿‡A38
Wherehouse39,≤÷ø‚¿‡A39
Wherehouse40,≤÷ø‚¿‡A40
Wherehouse41,≤÷ø‚¿‡A41
Wherehouse42,≤÷ø‚¿‡A42
Wherehouse43,≤÷ø‚¿‡A43
Wherehouse44,≤÷ø‚¿‡A44
Wherehouse45,≤÷ø‚¿‡A45
Wherehouse46,≤÷ø‚¿‡A46
Wherehouse47,≤÷ø‚¿‡A47
Wherehouse48,≤÷ø‚¿‡A48
Wherehouse49,≤÷ø‚¿‡A49
Wherehouse50,≤÷ø‚¿‡A50
Wherehouse51,≤÷ø‚¿‡A51
Wherehouse52,≤÷ø‚¿‡A52
Wherehouse53,≤÷ø‚¿‡A53
Wherehouse54,≤÷ø‚¿‡A54
Wherehouse55,≤÷ø‚¿‡A55
Wherehouse56,≤÷ø‚¿‡A56
Wherehouse57,≤÷ø‚¿‡A57
Wherehouse58,≤÷ø‚¿‡A58
Wherehouse59,≤÷ø‚¿‡A59
Wherehouse60,≤÷ø‚¿‡A60
Wherehouse61,≤÷ø‚¿‡A61
Wherehouse62,≤÷ø‚¿‡A62
Wherehouse63,≤÷ø‚¿‡A63
Wherehouse64,≤÷ø‚¿‡A64
Wherehouse65,≤÷ø‚¿‡A65
Wherehouse66,≤÷ø‚¿‡A66
Wherehouse67,≤÷ø‚¿‡A67
Wherehouse68,≤÷ø‚¿‡A68
Wherehouse69,≤÷ø‚¿‡A69
Wherehouse70,≤÷ø‚¿‡A70
Wherehouse71,≤÷ø‚¿‡A71
Wherehouse72,≤÷ø‚¿‡A72
Wherehouse73,≤÷ø‚¿‡A73
Wherehouse74,≤÷ø‚¿‡A74
Wherehouse75,≤÷ø‚¿‡A75
Wherehouse76,≤÷ø‚¿‡A76
Wherehouse77,≤÷ø‚¿‡A77
Wherehouse78,≤÷ø‚¿‡A78
Wherehouse79,≤÷ø‚¿‡A79
Wherehouse80,≤÷ø‚¿‡A80
Wherehouse81,≤÷ø‚¿‡A81
Wherehouse82,≤÷ø‚¿‡A82
Wherehouse83,≤÷ø‚¿‡A83
Wherehouse84,≤÷ø‚¿‡A84
Wherehouse85,≤÷ø‚¿‡A85
Wherehouse86,≤÷ø‚¿‡A86
Wherehouse87,≤÷ø‚¿‡A87
Wherehouse88,≤÷ø‚¿‡A88
Wherehouse89,≤÷ø‚¿‡A89
Wherehouse90,≤÷ø‚¿‡A90
Wherehouse91,≤÷ø‚¿‡A91
Wherehouse92,≤÷ø‚¿‡A92
Wherehouse93,≤÷ø‚¿‡A93
Wherehouse94,≤÷ø‚¿‡A94
Wherehouse95,≤÷ø‚¿‡A95
Wherehouse96,≤÷ø‚¿‡A96
Wherehouse97,≤÷ø‚¿‡A97
Wherehouse98,≤÷ø‚¿‡A98
Wherehouse99,≤÷ø‚¿‡A99
Wherehouse100,≤÷ø‚¿‡A100
