Workorder1,工单类A1
Workorder2,工单类A2
Workorder3,工单类A3
Workorder4,工单类A4
Workorder5,工单类A5
Workorder6,工单类A6
Workorder7,工单类A7
Workorder8,工单类A8
Workorder9,工单类A9
Workorder10,工单类A10
Workorder11,工单类A11
Workorder12,工单类A12
Workorder13,工单类A13
Workorder14,工单类A14
Workorder15,工单类A15
Workorder16,工单类A16
Workorder17,工单类A17
Workorder18,工单类A18
Workorder19,工单类A19
Workorder20,工单类A20
Workorder21,工单类A21
Workorder22,工单类A22
Workorder23,工单类A23
Workorder24,工单类A24
Workorder25,工单类A25
Workorder26,工单类A26
Workorder27,工单类A27
Workorder28,工单类A28
Workorder29,工单类A29
Workorder30,工单类A30
Workorder31,工单类A31
Workorder32,工单类A32
Workorder33,工单类A33
Workorder34,工单类A34
Workorder35,工单类A35
Workorder36,工单类A36
Workorder37,工单类A37
Workorder38,工单类A38
Workorder39,工单类A39
Workorder40,工单类A40
Workorder41,工单类A41
Workorder42,工单类A42
Workorder43,工单类A43
Workorder44,工单类A44
Workorder45,工单类A45
Workorder46,工单类A46
Workorder47,工单类A47
Workorder48,工单类A48
Workorder49,工单类A49
Workorder50,工单类A50
Workorder51,工单类A51
Workorder52,工单类A52
Workorder53,工单类A53
Workorder54,工单类A54
Workorder55,工单类A55
Workorder56,工单类A56
Workorder57,工单类A57
Workorder58,工单类A58
Workorder59,工单类A59
Workorder60,工单类A60
Workorder61,工单类A61
Workorder62,工单类A62
Workorder63,工单类A63
Workorder64,工单类A64
Workorder65,工单类A65
Workorder66,工单类A66
Workorder67,工单类A67
Workorder68,工单类A68
Workorder69,工单类A69
Workorder70,工单类A70
Workorder71,工单类A71
Workorder72,工单类A72
Workorder73,工单类A73
Workorder74,工单类A74
Workorder75,工单类A75
Workorder76,工单类A76
Workorder77,工单类A77
Workorder78,工单类A78
Workorder79,工单类A79
Workorder80,工单类A80
Workorder81,工单类A81
Workorder82,工单类A82
Workorder83,工单类A83
Workorder84,工单类A84
Workorder85,工单类A85
Workorder86,工单类A86
Workorder87,工单类A87
Workorder88,工单类A88
Workorder89,工单类A89
Workorder90,工单类A90
Workorder91,工单类A91
Workorder92,工单类A92
Workorder93,工单类A93
Workorder94,工单类A94
Workorder95,工单类A95
Workorder96,工单类A96
Workorder97,工单类A97
Workorder98,工单类A98
Workorder99,工单类A99
Workorder100,工单类A100
