nameofdevice1,设备名称1
nameofdevice2,设备名称2
nameofdevice3,设备名称3
nameofdevice4,设备名称4
nameofdevice5,设备名称5
nameofdevice6,设备名称6
nameofdevice7,设备名称7
nameofdevice8,设备名称8
nameofdevice9,设备名称9
nameofdevice10,设备名称10
nameofdevice11,设备名称11
nameofdevice12,设备名称12
nameofdevice13,设备名称13
nameofdevice14,设备名称14
nameofdevice15,设备名称15
nameofdevice16,设备名称16
nameofdevice17,设备名称17
nameofdevice18,设备名称18
nameofdevice19,设备名称19
nameofdevice20,设备名称20
nameofdevice21,设备名称21
nameofdevice22,设备名称22
nameofdevice23,设备名称23
nameofdevice24,设备名称24
nameofdevice25,设备名称25
nameofdevice26,设备名称26
nameofdevice27,设备名称27
nameofdevice28,设备名称28
nameofdevice29,设备名称29
nameofdevice30,设备名称30
nameofdevice31,设备名称31
nameofdevice32,设备名称32
nameofdevice33,设备名称33
nameofdevice34,设备名称34
nameofdevice35,设备名称35
nameofdevice36,设备名称36
nameofdevice37,设备名称37
nameofdevice38,设备名称38
nameofdevice39,设备名称39
nameofdevice40,设备名称40
nameofdevice41,设备名称41
nameofdevice42,设备名称42
nameofdevice43,设备名称43
nameofdevice44,设备名称44
nameofdevice45,设备名称45
nameofdevice46,设备名称46
nameofdevice47,设备名称47
nameofdevice48,设备名称48
nameofdevice49,设备名称49
nameofdevice50,设备名称50
nameofdevice51,设备名称51
nameofdevice52,设备名称52
nameofdevice53,设备名称53
nameofdevice54,设备名称54
nameofdevice55,设备名称55
nameofdevice56,设备名称56
nameofdevice57,设备名称57
nameofdevice58,设备名称58
nameofdevice59,设备名称59
nameofdevice60,设备名称60
nameofdevice61,设备名称61
nameofdevice62,设备名称62
nameofdevice63,设备名称63
nameofdevice64,设备名称64
nameofdevice65,设备名称65
nameofdevice66,设备名称66
nameofdevice67,设备名称67
nameofdevice68,设备名称68
nameofdevice69,设备名称69
nameofdevice70,设备名称70
nameofdevice71,设备名称71
nameofdevice72,设备名称72
nameofdevice73,设备名称73
nameofdevice74,设备名称74
nameofdevice75,设备名称75
nameofdevice76,设备名称76
nameofdevice77,设备名称77
nameofdevice78,设备名称78
nameofdevice79,设备名称79
nameofdevice80,设备名称80
nameofdevice81,设备名称81
nameofdevice82,设备名称82
nameofdevice83,设备名称83
nameofdevice84,设备名称84
nameofdevice85,设备名称85
nameofdevice86,设备名称86
nameofdevice87,设备名称87
nameofdevice88,设备名称88
nameofdevice89,设备名称89
nameofdevice90,设备名称90
nameofdevice91,设备名称91
nameofdevice92,设备名称92
nameofdevice93,设备名称93
nameofdevice94,设备名称94
nameofdevice95,设备名称95
nameofdevice96,设备名称96
nameofdevice97,设备名称97
nameofdevice98,设备名称98
nameofdevice99,设备名称99
nameofdevice100,设备名称100
